"Note","Rank","Player","Overall Tier","Pos. Tier","Pos","Team","Bye","ADP","Floor","Consensus","DS Proj","Ceiling","3D Proj","3d Value"
"","1","Lamar Jackson","1.0","1.0","QB","BAL","7","1.02","341.8","371.0","384.0","418.6","383.5","100.0"
"","2","Josh Allen","1.0","1.0","QB","BUF","7","1.01","339.3","370.0","377.0","422.2","380.6","97.8"
"","3","Jayden Daniels","1.0","1.0","QB","WAS","12","1.05","334.1","365.0","384.0","414.7","380.5","97.7"
"Value","4","Jalen Hurts","1.0","1.0","QB","PHI","9","1.10","332.6","363.0","378.0","412.0","376.6","94.7"
"","5","Joe Burrow","2.0","2.0","QB","CIN","10","1.07","306.2","344.0","356.0","370.2","349.8","74.3"
"","6","Ja'Marr Chase","2.0","1.0","WR","CIN","10","1.03","278.9","328.0","336.0","386.4","337.6","71.9"
"","7","Bijan Robinson","2.0","1.0","RB","ATL","5","1.04","272.2","312.0","324.0","369.4","324.7","70.4"
"","8","CeeDee Lamb","2.0","1.0","WR","DAL","10","1.11","273.1","300.0","329.0","378.4","327.3","68.1"
"","9","Saquon Barkley","2.0","1.0","RB","PHI","9","1.09","260.8","306.0","318.0","365.7","318.4","68.0"
"","10","Christian McCaffrey","2.0","1.0","RB","SF","14","2.04","228.2","291.0","326.0","381.4","318.4","68.0"
"","11","Jahmyr Gibbs","2.0","1.0","RB","DET","8","1.08","254.5","299.0","303.0","375.7","311.7","65.6"
"","12","Justin Jefferson","2.0","1.0","WR","MIN","6","1.06","268.3","300.0","312.0","380.6","319.3","65.1"
"","13","Malik Nabers","2.0","2.0","WR","NYG","14","2.03","254.0","287.0","306.0","379.4","312.0","62.5"
"","14","Puka Nacua","2.0","2.0","WR","LAR","8","2.05","263.6","276.0","303.0","384.8","311.7","62.4"
"","15","Patrick Mahomes","2.0","2.0","QB","KC","10","2.07","288.8","323.0","332.0","365.2","331.6","60.5"
"","16","Nico Collins","2.0","2.0","WR","HOU","6","2.08","250.9","280.0","306.0","361.1","306.2","60.4"
"","17","Ashton Jeanty","2.0","2.0","RB","LVR","8","1.12","246.0","276.0","286.0","360.4","295.5","59.7"
"Injured","18","De'Von Achane","2.0","2.0","RB","MIA","12","2.10","237.0","279.0","300.0","333.0","294.7","59.4"
"","19","Brock Bowers","2.0","1.0","TE","LVR","8","2.02","257.6","298.0","318.0","346.6","312.2","59.0"
"","20","Derrick Henry","2.0","2.0","RB","BAL","7","2.06","241.1","272.0","287.0","335.8","288.9","57.3"
"","21","Trey McBride","2.0","1.0","TE","ARI","8","2.11","261.0","292.0","307.0","340.8","305.4","57.2"
"","22","Brian Thomas Jr.","2.0","2.0","WR","JAC","8","2.09","243.2","267.0","293.0","354.5","295.5","56.5"
"","23","Amon-Ra St. Brown","2.0","2.0","WR","DET","8","2.01","255.8","274.0","275.0","354.8","290.3","54.5"
"Value","24","Jonathan Taylor","2.0","2.0","RB","IND","11","3.03","236.7","261.0","266.0","351.1","280.4","54.1"
"","25","Drake London","3.0","3.0","WR","ATL","5","2.12","249.9","268.0","284.0","338.0","288.8","54.0"
"","26","A.J. Brown","3.0","3.0","WR","PHI","9","3.04","248.2","261.0","282.0","341.2","287.2","53.4"
"","27","Bo Nix","3.0","3.0","QB","DEN","12","3.06","278.6","309.0","324.0","353.2","321.4","51.6"
"","28","Baker Mayfield","3.0","3.0","QB","TB","9","3.07","279.0","322.0","317.0","358.2","321.4","51.0"
"","29","Chase Brown","3.0","2.0","RB","CIN","10","3.09","226.0","255.0","269.0","338.9","276.4","49.9"
"","30","Josh Jacobs","3.0","3.0","RB","GB","5","3.02","227.0","264.0","264.0","308.9","268.7","49.9"
"","31","Bucky Irving","3.0","3.0","RB","TB","9","3.01","217.1","262.0","268.0","300.2","266.7","49.1"
"Value","32","Justin Fields","3.0","3.0","QB","NYJ","9","6.12","267.3","306.0","322.0","370.3","322.3","46.6"
"","33","Kyren Williams","3.0","3.0","RB","LAR","8","3.08","217.6","251.0","259.0","303.0","261.6","45.7"
"","34","George Kittle","3.0","2.0","TE","SF","14","3.11","225.3","263.0","265.0","323.3","272.0","45.5"
"","35","Kyler Murray","3.0","3.0","QB","ARI","8","4.08","280.4","313.0","315.0","359.1","319.6","45.3"
"","36","Ladd McConkey","4.0","4.0","WR","LAC","12","3.05","223.5","249.0","254.0","327.7","265.6","45.1"
"","37","Caleb Williams","4.0","3.0","QB","CHI","5","5.04","270.3","299.0","318.0","356.2","316.6","43.8"
"Value","38","Alvin Kamara","4.0","3.0","RB","NO","11","4.09","206.7","235.0","272.0","304.6","263.8","43.2"
"Value","39","Tee Higgins","4.0","3.0","WR","CIN","10","4.04","223.9","254.0","273.0","311.2","271.3","42.9"
"","40","Brock Purdy","4.0","3.0","QB","SF","14","5.03","279.0","310.0","310.0","350.3","314.5","42.8"
"Breakout","41","Kenneth Walker III","4.0","3.0","RB","SEA","8","5.01","212.5","213.0","256.0","309.8","255.1","41.2"
"","42","Omarion Hampton","4.0","3.0","RB","LAC","12","4.02","189.5","219.0","243.0","332.9","251.8","40.9"
"","43","Justin Herbert","4.0","3.0","QB","LAC","12","4.06","270.6","289.0","311.0","348.3","310.0","40.6"
"","44","James Cook","4.0","3.0","RB","BUF","7","4.05","213.4","230.0","251.0","288.7","250.7","40.1"
"Value","45","Dak Prescott","4.0","3.0","QB","DAL","10","5.12","273.2","293.0","307.0","346.9","308.9","40.0"
"Breakout","46","Drake Maye","4.0","3.0","QB","NE","14","5.09","269.7","297.0","303.0","354.5","308.8","40.0"
"Value","47","James Conner","4.0","3.0","RB","ARI","8","6.02","184.1","220.0","263.0","289.3","250.3","40.0"
"Injured","48","Tyreek Hill","4.0","4.0","WR","MIA","12","4.07","197.5","244.0","250.0","325.0","258.3","39.8"
"Value","49","Mike Evans","4.0","4.0","WR","TB","9","4.11","212.5","245.0","256.0","289.3","255.3","39.1"
"Sleeper","50","Trevor Lawrence","4.0","3.0","QB","JAC","8","7.09","270.6","284.0","304.0","346.6","305.6","38.4"
"","51","Chuba Hubbard","4.0","4.0","RB","CAR","14","5.05","193.6","227.0","245.0","284.2","243.4","38.4"
"","52","Sam LaPorta","4.0","3.0","TE","DET","8","4.12","207.5","217.0","228.0","301.0","240.0","38.1"
"","53","Travis Kelce","4.0","3.0","TE","KC","10","6.11","184.8","222.0","240.0","280.8","238.2","37.8"
"","54","Jaxon Smith-Njigba","4.0","4.0","WR","SEA","8","3.12","217.8","232.0","242.0","288.0","247.3","37.7"
"","55","Breece Hall","4.0","4.0","RB","NYJ","9","4.01","198.0","217.0","225.0","303.8","237.8","37.4"
"","56","Jordan Love","4.0","3.0","QB","GB","5","6.09","266.6","281.0","303.0","342.4","303.1","37.1"
"","57","Jared Goff","4.0","3.0","QB","DET","8","5.06","273.0","283.0","300.0","342.0","302.9","37.1"
"Value","58","David Njoku","4.0","3.0","TE","CLE","9","9.02","190.1","215.0","229.0","277.1","232.0","36.8"
"","59","Garrett Wilson","5.0","5.0","WR","NYJ","9","4.03","207.7","227.0","236.0","299.7","245.0","36.7"
"","60","Davante Adams","5.0","5.0","WR","LAR","8","5.08","205.0","242.0","233.0","295.9","244.6","36.6"
"","61","T.J. Hockenson","5.0","3.0","TE","MIN","6","6.08","198.0","210.0","220.0","281.6","229.3","36.3"
"","62","C.J. Stroud","5.0","3.0","QB","HOU","6","5.11","271.2","276.0","298.0","342.7","300.8","36.0"
"","63","Marvin Harrison Jr.","5.0","5.0","WR","ARI","8","3.10","196.6","232.0","226.0","298.3","239.1","35.5"
"","64","TreVeyon Henderson","5.0","4.0","RB","NE","14","5.07","171.0","210.0","225.0","297.0","231.0","35.4"
"Breakout","65","Tetairoa McMillan","5.0","5.0","WR","CAR","14","5.10","189.5","218.0","234.0","297.2","239.3","35.3"
"","66","Terry McLaurin","5.0","5.0","WR","WAS","12","4.10","198.9","230.0","234.0","280.8","238.8","35.2"
"","67","D.J. Moore","5.0","5.0","WR","CHI","5","6.01","202.4","225.0","230.0","289.8","238.8","35.2"
"","68","D.K. Metcalf","5.0","5.0","WR","PIT","5","6.03","199.8","228.0","235.0","277.3","238.3","35.1"
"","69","Xavier Worthy","5.0","5.0","WR","KC","10","6.07","195.5","214.0","230.0","299.0","238.2","35.0"
"","70","DeVonta Smith","5.0","5.0","WR","PHI","9","6.04","202.4","220.0","230.0","287.5","237.5","34.9"
"Comeback","71","Jaylen Waddle","5.0","5.0","WR","MIA","12","8.02","192.0","204.0","237.0","289.1","237.0","34.8"
"Sleeper","72","J.J. McCarthy","5.0","4.0","QB","MIN","6","7.04","232.5","284.0","302.0","341.3","297.6","34.4"
"","73","Tua Tagovailoa","5.0","4.0","QB","MIA","12","9.10","258.7","264.0","294.0","338.1","294.1","33.5"
"","74","Mark Andrews","5.0","4.0","TE","BAL","7","8.03","182.2","191.0","207.0","271.2","215.5","33.5"
"","75","Tony Pollard","5.0","5.0","RB","TEN","10","8.06","170.9","204.0","222.0","270.8","222.6","33.2"
"Value","76","George Pickens","5.0","5.0","WR","DAL","10","7.05","189.8","206.0","226.0","284.8","230.9","32.9"
"","77","Zay Flowers","5.0","5.0","WR","BAL","7","7.02","205.0","208.0","233.0","258.6","230.8","32.8"
"","78","Courtland Sutton","5.0","5.0","WR","DEN","12","6.10","202.4","218.0","230.0","257.6","230.3","32.7"
"Late-round Flyer","79","Bryce Young","5.0","4.0","QB","CAR","14","9.06","250.6","266.0","288.0","334.1","289.5","32.5"
"","80","Rashee Rice","5.0","5.0","WR","KC","10","5.02","180.6","211.0","223.0","287.7","229.6","32.4"
"","81","David Montgomery","5.0","5.0","RB","DET","8","7.01","178.2","192.0","220.0","264.0","219.4","32.2"
"Value","82","Jameson Williams","6.0","6.0","WR","DET","8","7.03","185.6","199.0","221.0","285.1","227.0","31.5"
"","83","Tyler Warren","6.0","4.0","TE","IND","11","8.01","160.4","188.0","203.0","278.1","211.5","31.1"
"","84","Geno Smith","6.0","4.0","QB","LVR","8","10.10","253.9","266.0","276.0","325.7","282.5","30.9"
"Value","85","Isiah Pacheco","6.0","5.0","RB","KC","10","7.07","154.8","185.0","218.0","270.3","215.3","30.9"
"","86","Michael Penix Jr.","6.0","4.0","QB","ATL","5","8.09","251.2","258.0","273.0","333.1","281.2","30.6"
"","87","D'Andre Swift","6.0","5.0","RB","CHI","5","7.10","149.1","193.0","210.0","268.8","211.6","29.8"
"","88","Calvin Ridley","6.0","6.0","WR","TEN","10","8.07","180.0","203.0","225.0","254.3","221.4","29.7"
"","89","RJ Harvey","6.0","5.0","RB","DEN","12","6.05","156.6","192.0","206.0","271.9","211.4","29.7"
"","90","Aaron Jones","6.0","5.0","RB","MIN","6","8.04","163.5","188.0","207.0","265.0","210.8","29.5"
"","91","Jerry Jeudy","6.0","6.0","WR","CLE","9","8.08","187.8","212.0","211.0","268.0","220.7","29.4"
"","92","Sam Darnold","6.0","5.0","QB","SEA","8","11.02","248.4","245.0","270.0","324.0","275.3","29.3"
"Value","93","Chris Olave","6.0","6.0","WR","NO","11","8.05","167.1","195.0","217.0","277.8","220.0","29.1"
"","94","Travis Hunter","6.0","6.0","WR","JAC","8","6.06","155.4","192.0","210.0","300.3","219.7","29.0"
"Breakout","95","Ricky Pearsall","6.0","6.0","WR","SF","14","9.03","170.6","184.0","208.0","295.4","218.7","28.7"
"Value","96","Dalton Kincaid","6.0","4.0","TE","BUF","7","10.11","162.0","174.0","205.0","264.5","207.3","28.7"
"","97","Evan Engram","6.0","4.0","TE","DEN","12","8.10","158.3","193.0","203.0","255.8","206.8","28.4"
"","98","Cameron 'Cam' Ward","6.0","5.0","QB","TEN","10","8.12","228.8","251.0","260.0","330.2","270.0","28.1"
"Value","99","Deebo Samuel","6.0","6.0","WR","WAS","12","9.09","177.4","191.0","219.0","251.9","215.9","27.7"
"","100","Rome Odunze","6.0","6.0","WR","CHI","5","7.12","181.2","188.0","197.0","289.6","214.6","27.3"
"Sleeper","101","Emeka Egbuka","6.0","6.0","WR","TB","9","9.12","178.2","182.0","198.0","291.1","214.0","27.1"
"Injured","102","Matthew Stafford","6.0","5.0","QB","LAR","8","10.03","230.2","251.0","253.0","321.3","264.9","26.9"
"","103","Daniel Jones","6.0","5.0","QB","IND","11","14.12","181.5","285.0","242.0","353.3","265.0","26.9"
"","104","Aaron Rodgers","6.0","5.0","QB","PIT","5","12.11","242.9","232.0","253.0","323.8","264.6","26.8"
"Value","105","Jake Ferguson","6.0","4.0","TE","DAL","10","11.09","163.8","188.0","210.0","228.9","203.9","26.7"
"Sleeper","106","Josh Downs","6.0","6.0","WR","IND","11","11.05","176.6","179.0","203.0","274.1","211.7","26.3"
"","107","Jakobi Meyers","7.0","7.0","WR","LVR","8","9.05","176.3","194.0","215.0","230.1","209.3","25.5"
"Suspended","108","Jordan Addison","7.0","7.0","WR","MIN","6","8.11","170.5","184.0","203.0","257.8","207.7","24.9"
"","109","Tucker Kraft","7.0","5.0","TE","GB","5","10.08","162.7","181.0","196.0","247.0","200.3","24.6"
"","110","Khalil Shakir","7.0","7.0","WR","BUF","7","10.09","177.7","182.0","209.0","236.2","206.3","24.5"
"","111","Michael Pittman Jr.","7.0","7.0","WR","IND","11","11.10","175.6","188.0","193.0","262.5","205.6","24.2"
"","112","Matthew Golden","7.0","7.0","WR","GB","5","9.07","161.0","185.0","185.0","284.9","204.4","23.8"
"Injured","113","Jauan Jennings","7.0","7.0","WR","SF","14","10.07","162.4","181.0","191.0","267.4","202.7","23.2"
"","114","Russell Wilson","7.0","6.0","QB","NYG","14","13.06","165.0","221.0","250.0","317.5","248.0","23.1"
"","115","Stefon Diggs","7.0","7.0","WR","NE","14","10.05","159.9","184.0","195.0","257.4","202.3","23.1"
"","116","Tyrone Tracy Jr.","7.0","6.0","RB","NYG","14","9.08","127.3","181.0","190.0","228.0","187.7","22.4"
"","117","Anthony Richardson","7.0","6.0","QB","IND","11","14.10","123.8","195.0","238.0","368.9","244.0","22.2"
"Value","118","Dallas Goedert","7.0","5.0","TE","PHI","9","12.04","166.0","179.0","193.0","233.5","196.0","22.1"
"","119","Jaylen Warren","7.0","6.0","RB","PIT","5","10.02","142.1","173.0","187.0","218.8","185.3","21.7"
"","120","Kaleb Johnson","7.0","6.0","RB","PIT","5","7.11","121.2","170.0","166.0","244.0","177.7","19.3"
"Sleeper","121","Keon Coleman","8.0","8.0","WR","BUF","7","12.01","145.0","168.0","179.0","257.8","190.3","18.9"
"Sleeper","122","Rashid Shaheed","8.0","8.0","WR","NO","11","12.07","160.2","166.0","180.0","243.0","189.3","18.6"
"Injured","123","Darnell Mooney","8.0","8.0","WR","ATL","5","12.05","160.2","171.0","182.0","233.0","188.7","18.4"
"Injured","124","Jayden Reed","8.0","8.0","WR","GB","5","11.03","129.5","153.0","185.0","251.6","186.9","17.8"
"","125","Joe Flacco","8.0","7.0","QB","CLE","9","16.01","110.0","220.0","220.0","312.4","224.4","17.7"
"","126","Jordan Mason","8.0","7.0","RB","MIN","6","11.01","136.0","135.0","160.0","238.4","170.6","17.1"
"","127","Cooper Kupp","8.0","8.0","WR","SEA","8","10.04","149.5","175.0","168.0","247.0","184.5","17.0"
"","128","Jaxson Dart","8.0","7.0","QB","NYG","14","14.11","103.0","207.0","206.0","337.8","220.7","16.9"
"","129","Spencer Rattler","8.0","7.0","QB","NO","11","19.01","86.8","255.0","217.0","293.0","220.3","16.8"
"Injured","130","Chris Godwin","8.0","8.0","WR","TB","9","10.01","123.2","199.0","176.0","228.8","183.6","16.7"
"","131","Travis Etienne","8.0","7.0","RB","JAC","8","9.01","120.2","143.0","167.0","223.8","169.2","16.7"
"","132","J.K. Dobbins","8.0","7.0","RB","DEN","12","11.08","121.5","151.0","162.0","221.9","167.9","16.3"
"","133","Christian Kirk","8.0","8.0","WR","HOU","6","13.10","152.0","150.0","181.0","224.4","181.8","16.0"
"","134","Austin Ekeler","8.0","7.0","RB","WAS","12","12.08","114.2","159.0","168.0","201.6","166.1","15.7"
"","135","Marquise 'Hollywood' Brown","8.0","8.0","WR","KC","10","15.08","143.5","148.0","175.0","234.5","179.7","15.3"
"","136","Colston Loveland","8.0","6.0","TE","CHI","5","9.11","136.0","159.0","170.0","261.8","184.3","15.3"
"","137","Zach Ertz","8.0","6.0","TE","WAS","12","13.05","140.1","170.0","182.0","222.0","182.9","14.5"
"Injured","138","Brandon Aiyuk","9.0","9.0","WR","SF","14","11.12","115.9","162.0","173.0","230.1","175.7","14.0"
"","139","Keenan Allen","9.0","9.0","WR","LAC","12","14.03","123.2","153.0","160.0","243.2","172.5","12.8"
"","140","Tyler Shough","9.0","8.0","QB","NO","11","16.03","76.3","152.0","218.0","283.4","201.1","12.5"
"","141","Romeo Doubs","9.0","9.0","WR","GB","5","18.02","135.3","139.0","165.0","226.1","170.5","12.2"
"Sleeper","142","Cedric Tillman","9.0","9.0","WR","CLE","9","15.09","119.3","153.0","153.0","246.3","169.3","11.8"
"","143","Rhamondre Stevenson","9.0","8.0","RB","NE","14","12.02","122.7","133.0","141.0","208.7","152.6","11.6"
"Sleeper","144","Jayden Higgins","9.0","9.0","WR","HOU","6","11.11","126.4","148.0","158.0","230.7","168.4","11.4"
"Injured","145","Joe Mixon","9.0","8.0","RB","HOU","6","7.06","64.4","140.0","161.0","191.6","150.0","10.8"
"","146","Dillon Gabriel","9.0","8.0","QB","CLE","9","25.08","52.5","162.0","210.0","273.0","192.9","10.6"
"Sleeper","147","Chigoziem 'Chig' Okonkwo","9.0","6.0","TE","TEN","10","15.12","136.5","159.0","175.0","217.0","176.3","10.6"
"","148","Quinshon Judkins","9.0","8.0","RB","CLE","9","7.08","75.4","124.0","145.0","224.8","149.5","10.6"
"Handcuff Flyer","149","Zach Charbonnet","9.0","8.0","RB","SEA","8","10.12","113.5","145.0","132.0","200.6","147.0","9.8"
"","150","Javonte Williams","9.0","8.0","RB","DAL","10","11.06","82.8","137.0","138.0","212.5","146.6","9.7"
"","151","Hunter Henry","9.0","6.0","TE","NE","14","14.01","144.4","161.0","166.0","220.8","174.6","9.6"
"","152","Kyle Pitts","9.0","6.0","TE","ATL","5","11.04","135.2","158.0","161.0","236.7","174.0","9.3"
"Injured","153","Marvin Mims Jr.","10.0","10.0","WR","DEN","12","13.04","113.0","143.0","157.0","213.5","161.1","8.9"
"","154","Tank Bigsby","10.0","8.0","RB","JAC","8","12.10","102.2","114.0","131.0","216.2","143.6","8.8"
"Injured","155","Cade Otton","10.0","6.0","TE","TB","9","16.06","141.9","149.0","173.0","209.3","172.9","8.7"
"","156","Xavier Legette","10.0","10.0","WR","CAR","14","16.04","113.2","138.0","153.0","220.3","160.1","8.6"
"","157","Joshua 'Josh' Palmer","10.0","10.0","WR","BUF","7","15.11","131.4","135.0","151.0","211.4","159.5","8.4"
"","158","Jacory Croskey-Merritt","10.0","8.0","RB","WAS","12","13.01","90.5","138.0","124.0","217.0","142.5","8.4"
"","159","Wan'Dale Robinson","10.0","10.0","WR","NYG","14","16.05","126.3","149.0","154.0","194.0","158.2","7.9"
"","160","Tyjae Spears","10.0","9.0","RB","TEN","10","13.07","91.7","124.0","139.0","187.7","140.7","7.9"
"","161","Jonnu Smith","10.0","7.0","TE","PIT","5","11.07","132.8","151.0","160.0","232.0","171.1","7.6"
"","162","Rashod Bateman","10.0","10.0","WR","BAL","7","13.11","127.6","143.0","145.0","205.9","156.1","7.2"
"","163","Cameron 'Cam' Skattebo","10.0","9.0","RB","NYG","14","10.06","83.8","115.0","133.0","199.5","138.0","7.1"
"","164","Luther Burden III","10.0","10.0","WR","CHI","5","13.02","105.0","108.0","150.0","229.5","155.0","6.8"
"","165","Rachaad White","10.0","9.0","RB","TB","9","13.08","105.8","113.0","129.0","187.1","136.4","6.6"
"Injured","166","Quentin Johnston","10.0","10.0","WR","LAC","12","19.05","110.2","104.0","153.0","215.7","153.3","6.3"
"Injured","167","Isaiah Likely","10.0","7.0","TE","BAL","7","13.12","126.4","146.0","156.0","235.6","168.3","6.0"
"Injured","168","Jaydon Blue","10.0","9.0","RB","DAL","10","12.06","86.6","105.0","122.0","208.6","133.9","5.8"
"Sleeper","169","Jerome Ford","10.0","9.0","RB","CLE","9","15.04","82.6","130.0","118.0","201.8","133.7","5.8"
"Handcuff Flyer","170","Braelon Allen","10.0","9.0","RB","NYJ","9","14.02","102.4","97.0","115.0","217.4","133.9","5.8"
"","171","Jalen Coker","10.0","10.0","WR","CAR","14","19.11","99.2","143.0","148.0","193.9","150.3","5.2"
"Sleeper","172","Demario Douglas","10.0","10.0","WR","NE","14","16.07","119.3","131.0","142.0","200.2","150.3","5.2"
"Sleeper","173","Bhayshul Tuten","10.0","9.0","RB","JAC","8","13.09","85.3","98.0","108.0","232.2","131.6","5.1"
"","174","Mike Gesicki","10.0","7.0","TE","CIN","10","17.10","128.8","147.0","159.0","219.4","166.4","4.9"
"","175","Michael Wilson","11.0","11.0","WR","ARI","8","20.11","119.9","128.0","141.0","190.4","147.2","4.2"
"","176","Tre Harris","11.0","11.0","WR","LAC","12","13.03","99.8","117.0","133.0","223.4","146.3","3.9"
"","177","Brenton Strange","11.0","7.0","TE","JAC","8","15.01","130.5","153.0","150.0","223.5","164.4","3.7"
"Sleeper","178","Dylan Sampson","11.0","10.0","RB","CLE","9","14.05","79.2","104.0","110.0","207.9","126.9","3.7"
"Handcuff Flyer","179","Nick Chubb","11.0","10.0","RB","HOU","6","12.12","87.6","111.0","103.0","200.9","124.5","2.9"
"","180","Darius Slayton","11.0","11.0","WR","NYG","14","21.12","113.7","112.0","137.0","195.9","143.2","2.8"
"","181","Alec Pierce","11.0","11.0","WR","IND","11","20.04","117.8","109.0","124.0","210.8","140.8","2.0"
"Sleeper","182","Ray Davis","11.0","10.0","RB","BUF","7","14.04","88.7","98.0","102.0","197.9","121.5","2.0"
"","183","Dalton Schultz","11.0","7.0","TE","HOU","6","19.03","128.7","143.0","157.0","204.1","161.4","1.9"
"","184","Ray-Ray McCloud","11.0","11.0","WR","ATL","5","25.11","110.3","100.0","147.0","172.0","139.9","1.7"
"Injured","185","Najee Harris","11.0","10.0","RB","LAC","12","12.03","80.8","104.0","101.0","195.9","120.3","1.6"
"","186","Kyle Williams","11.0","11.0","WR","NE","14","14.06","102.4","100.0","128.0","212.5","139.3","1.4"
"Handcuff Flyer","187","Tyler Allgeier","11.0","10.0","RB","ATL","5","15.02","86.1","100.0","99.0","196.0","119.5","1.4"
"","188","Pat Freiermuth","11.0","7.0","TE","PIT","5","16.02","127.3","140.0","148.0","220.5","160.3","1.3"
"Handcuff Flyer","189","Trey Benson","11.0","10.0","RB","ARI","8","12.09","84.6","109.0","92.0","202.4","119.0","1.2"
"","190","Juwan Johnson","11.0","7.0","TE","NO","11","21.01","130.2","139.0","148.0","216.1","159.6","0.9"
"Handcuff Flyer","191","Ollie Gordon II","11.0","11.0","RB","MIA","12","15.06","70.5","91.0","86.0","225.3","116.5","0.4"
"","192","Adam Thielen","12.0","12.0","WR","MIN","6","15.03","103.5","119.0","131.0","178.2","135.8","0.3"
"","193","Troy Franklin","12.0","12.0","WR","DEN","12","22.06","93.2","86.0","115.0","238.1","135.6","0.2"
"","194","Justice Hill","12.0","11.0","RB","BAL","7","19.09","90.1","90.0","117.0","147.4","115.7","0.2"
"","195","Darren Waller","12.0","8.0","TE","MIA","12","17.08","92.0","147.0","146.0","233.6","158.1","0.0"
"","196","Tyler Lockett","12.0","12.0","WR","TEN","10","20.05","101.5","115.0","118.0","192.3","132.2","-1.0"
"","197","Ja'Tavion Sanders","12.0","8.0","TE","CAR","14","19.12","113.4","126.0","135.0","245.7","155.8","-1.3"
"","198","Rico Dowdle","12.0","11.0","RB","CAR","14","16.09","72.8","100.0","91.0","177.5","109.5","-1.7"
"","199","Theo Johnson","12.0","8.0","TE","NYG","14","20.06","118.2","131.0","139.0","225.2","154.5","-2.1"
"Handcuff Flyer","200","Brian Robinson Jr.","12.0","11.0","RB","SF","14","9.04","66.6","76.0","74.0","222.0","107.3","-2.4"
"Injured","201","Roschon Johnson","12.0","11.0","RB","CHI","5","18.10","64.8","80.0","90.0","186.3","106.8","-2.6"
"","202","Pat Bryant","12.0","12.0","WR","DEN","12","18.07","84.2","95.0","108.0","216.0","127.3","-2.7"
"","203","Dontayvion Wicks","12.0","12.0","WR","GB","5","24.06","86.3","78.0","115.0","205.9","125.9","-3.1"
"","204","Kareem Hunt","12.0","12.0","RB","KC","10","17.11","68.1","83.0","82.0","191.1","105.2","-3.1"
"","205","Amari Cooper","13.0","13.0","WR","LVR","8","20.03","88.3","110.0","109.0","192.9","125.3","-3.3"
"","206","Dyami Brown","13.0","13.0","WR","JAC","8","21.11","101.0","98.0","111.0","185.4","124.6","-3.6"
"","207","Tory Horton","13.0","13.0","WR","SEA","8","21.09","82.3","110.0","98.0","211.7","123.7","-3.9"
"Injured","208","Miles Sanders","13.0","12.0","RB","DAL","10","21.04","68.9","59.0","84.0","190.7","102.5","-3.9"
"Handcuff Flyer","209","Kendre Miller","13.0","12.0","RB","NO","11","22.07","64.8","81.0","81.0","178.2","100.9","-4.4"
"","210","Blake Corum","13.0","12.0","RB","LAR","8","18.05","61.6","61.0","77.0","195.6","99.5","-4.8"
"","211","Brashard Smith","13.0","12.0","RB","KC","10","21.06","56.0","32.0","80.0","212.0","99.4","-4.9"
"","212","Chris Rodriguez","13.0","12.0","RB","WAS","12","114.01","68.6","61.0","73.0","197.1","99.1","-4.9"
"Injured","213","Jaylen Wright","13.0","12.0","RB","MIA","12","16.10","49.3","86.0","77.0","184.8","99.0","-5.0"
"","214","Christian Watson","13.0","13.0","WR","GB","5","26.06","74.3","110.0","99.0","198.0","119.7","-5.2"
"","215","Elic Ayomanor","13.0","13.0","WR","TEN","10","19.04","71.2","88.0","89.0","227.0","118.0","-5.9"
"","216","Jo'Quavious 'Woody' Marks","13.0","12.0","RB","HOU","6","18.04","62.4","57.0","78.0","179.4","95.8","-6.0"
"Injured","217","Jalen McMillan","13.0","13.0","WR","TB","9","18.06","86.7","103.0","102.0","176.5","117.0","-6.2"
"","218","DeAndre Hopkins","13.0","13.0","WR","BAL","7","19.07","96.3","102.0","107.0","160.5","116.9","-6.2"
"","219","Kyle Monangai","13.0","13.0","RB","CHI","5","20.08","60.7","52.0","66.0","194.7","92.7","-6.9"
"","220","Isaac TeSlaa","14.0","14.0","WR","DET","8","17.12","65.3","82.0","87.0","224.5","114.6","-7.0"
"","221","Kenneth Gainwell","14.0","13.0","RB","PIT","5","33.08","58.5","56.0","78.0","167.7","92.3","-7.0"
"Injured","222","MarShawn Lloyd","14.0","13.0","RB","GB","5","23.03","49.1","70.0","78.0","164.6","92.3","-7.0"
"","223","Mason Taylor","14.0","9.0","TE","NYJ","9","15.07","107.9","140.0","130.0","206.7","145.8","-7.1"
"","224","Isaac Guerendo","14.0","13.0","RB","SF","14","15.05","49.3","54.0","56.0","218.4","92.1","-7.1"
"","225","Malik Washington","14.0","14.0","WR","MIA","12","26.02","72.3","77.0","99.0","194.0","113.4","-7.4"
"","226","Will Shipley","14.0","13.0","RB","PHI","9","18.12","56.1","56.0","66.0","184.8","90.3","-7.6"
"","227","Tutu Atwell","14.0","14.0","WR","LAR","8","24.11","84.5","98.0","96.0","173.8","112.5","-7.7"
"","228","Kayshon Boutte","14.0","14.0","WR","NE","14","24.10","70.9","84.0","109.0","163.5","111.9","-7.9"
"","229","Dameon Pierce","14.0","13.0","RB","HOU","6","25.04","49.5","47.0","66.0","191.4","89.5","-7.9"
"","230","Andrei Iosivas","14.0","14.0","WR","CIN","10","23.06","82.3","93.0","98.0","171.5","111.8","-8.0"
"","231","Adonai Mitchell","14.0","14.0","WR","IND","11","22.10","70.2","71.0","78.0","234.0","111.7","-8.0"
"","232","Josh Reynolds","14.0","14.0","WR","NYJ","9","26.04","69.7","91.0","104.0","167.4","111.3","-8.1"
"","233","Jaylin Noel","14.0","14.0","WR","HOU","6","20.10","72.8","69.0","97.0","194.0","111.3","-8.1"
"","234","Tahj Brooks","14.0","13.0","RB","CIN","10","21.10","47.3","69.0","63.0","179.6","88.4","-8.2"
"","235","Dont'e Thornton Jr.","14.0","14.0","WR","LVR","8","17.09","64.5","90.0","86.0","202.1","110.1","-8.6"
"","236","Samaje Perine","14.0","13.0","RB","CIN","10","28.05","60.2","61.0","86.0","124.7","87.1","-8.6"
"","237","Noah Brown","14.0","14.0","WR","WAS","12","30.06","69.6","95.0","87.0","186.2","108.5","-9.1"
"","238","DJ Giddens","14.0","13.0","RB","IND","11","20.01","54.6","44.0","65.0","175.5","85.7","-9.1"
"Injured","239","Isaiah Davis","14.0","13.0","RB","NYJ","9","27.12","54.3","24.0","59.0","194.7","84.2","-9.5"
"","240","Keaton Mitchell","14.0","13.0","RB","BAL","7","20.09","51.3","57.0","57.0","176.7","83.8","-9.7"
"","241","Roman Wilson","14.0","14.0","WR","PIT","5","22.09","71.3","77.0","95.0","172.9","106.6","-9.8"
"","242","Nick Westbrook-Ikhine","14.0","14.0","WR","MIA","12","26.12","72.0","94.0","90.0","171.0","106.5","-9.8"
"","243","Calvin Austin III","14.0","14.0","WR","PIT","5","22.03","75.2","112.0","94.0","148.5","106.5","-9.8"
"","244","Jack Bech","14.0","14.0","WR","LVR","8","15.10","72.8","45.0","104.0","174.7","106.4","-9.8"
"","245","Antonio Gibson","14.0","13.0","RB","NE","14","31.08","62.1","60.0","69.0","140.1","83.0","-9.9"
"","246","Sean Tucker","14.0","14.0","RB","TB","9","22.01","50.3","45.0","67.0","160.8","82.7","-10.0"
"","247","Parker Washington","15.0","15.0","WR","JAC","8","33.06","77.4","54.0","86.0","184.9","102.6","-11.1"
"","248","Devaughn Vele","15.0","15.0","WR","NO","11","26.08","73.6","65.0","92.0","165.6","102.0","-11.3"
"Injured","249","Jalen Nailor","15.0","15.0","WR","MIN","6","25.07","77.6","73.0","97.0","147.4","102.0","-11.4"
"Injured","250","Jalen Royals","15.0","15.0","WR","KC","10","21.05","54.7","62.0","71.0","221.5","101.8","-11.4"
"","251","Ty Johnson","15.0","14.0","RB","BUF","7","26.09","57.0","68.0","64.0","128.0","78.3","-11.4"
"","252","Trevor Etienne","15.0","14.0","RB","CAR","14","24.02","44.6","43.0","62.0","156.9","78.3","-11.4"
"","253","Jarquez Hunter","15.0","14.0","RB","LAR","8","21.07","45.9","41.0","54.0","162.0","75.7","-12.2"
"","254","Van Jefferson","15.0","15.0","WR","TEN","10","65.07","73.9","60.0","88.0","163.7","99.0","-12.4"
"","255","Phil Mafah","15.0","14.0","RB","DAL","10","29.01","30.2","40.0","58.0","162.4","75.0","-12.4"
"","256","Curtis Samuel","15.0","15.0","WR","BUF","7","32.05","61.2","69.0","85.0","168.3","98.1","-12.7"
"","257","Cole Kmet","15.0","9.0","TE","CHI","5","21.02","104.6","99.0","126.0","201.6","136.0","-12.9"
"","258","Mack Hollins","15.0","15.0","WR","NE","14","122.03","80.1","31.0","91.0","159.3","95.8","-13.4"
"","259","Devin Singletary","15.0","15.0","RB","NYG","14","28.10","54.0","52.0","60.0","120.0","71.7","-13.4"
"","260","KaVontae Turpin","15.0","15.0","WR","DAL","10","25.09","66.8","65.0","89.0","146.9","95.3","-13.6"
"","261","Christopher 'Chris' Brooks","15.0","15.0","RB","GB","5","145.06","37.4","24.0","52.0","161.2","70.7","-13.7"
"","262","Demarcus Robinson","15.0","15.0","WR","SF","14","29.02","56.1","74.0","66.0","191.4","94.7","-13.9"
"","263","Olamide Zaccheaus","15.0","15.0","WR","CHI","5","78.06","56.2","45.0","72.0","198.0","94.5","-13.9"
"","264","Jamari Thrash","15.0","15.0","WR","CLE","9","118.10","57.0","73.0","76.0","167.2","93.7","-14.2"
"","265","Mecole Hardman","15.0","15.0","WR","UNS","18","103.05","48.0","0.0","60.0","189.0","93.0","-14.4"
"","266","Brandin Cooks","15.0","15.0","WR","NO","11","27.07","62.4","67.0","80.0","156.0","92.8","-14.5"
"","267","Jordan Whittington","15.0","15.0","WR","LAR","8","24.08","60.1","76.0","77.0","154.8","92.2","-14.7"
"","268","Gabriel 'Gabe' Davis","15.0","15.0","WR","UNS","18","35.01","64.0","53.0","80.0","160.0","91.8","-14.8"
"","269","Harold Fannin Jr.","15.0","10.0","TE","CLE","9","22.04","85.6","97.0","107.0","237.5","132.3","-15.0"
"","270","Jalen Tolbert","15.0","15.0","WR","DAL","10","28.04","49.4","95.0","76.0","144.4","90.6","-15.2"
"","271","Jordan James","15.0","15.0","RB","SF","14","24.01","32.8","9.0","40.0","175.2","65.3","-15.4"
"","272","Tim Patrick","15.0","15.0","WR","JAC","8","124.07","64.5","26.0","86.0","154.8","89.3","-15.7"
"","273","JuJu Smith-Schuster","15.0","15.0","WR","KC","10","120.06","45.6","49.0","57.0","205.2","88.2","-16.1"
"","274","Tre Tucker","15.0","15.0","WR","LVR","8","27.05","61.6","72.0","67.0","157.5","87.8","-16.2"
"","275","Jaylin Lane","15.0","15.0","WR","WAS","12","25.06","47.3","36.0","63.0","198.5","87.7","-16.2"
"","276","Devin Neal","15.0","15.0","RB","NO","11","20.07","31.5","47.0","42.0","134.4","62.5","-16.2"
"","277","Emanuel Wilson","15.0","15.0","RB","GB","5","26.05","29.9","46.0","41.0","133.3","61.4","-16.6"
"","278","Greg Dortch","15.0","15.0","WR","ARI","8","31.12","56.8","78.0","71.0","138.5","85.5","-17.0"
"","279","Emari Demercado","15.0","15.0","RB","ARI","8","91.04","45.6","42.0","57.0","88.4","60.2","-17.0"
"","280","Kalif Raymond","15.0","15.0","WR","DET","8","117.01","66.6","43.0","74.0","148.0","85.2","-17.1"
"","281","Hunter Renfrow","15.0","15.0","WR","CAR","14","107.09","44.9","16.0","69.0","186.3","84.2","-17.4"
"","282","Jacob Cowing","15.0","15.0","WR","SF","14","129.03","35.1","26.0","54.0","216.0","84.2","-17.4"
"","283","Jeremy McNichols","15.0","15.0","RB","WAS","12","87.01","38.4","20.0","48.0","120.0","58.8","-17.4"
"","284","Elijah Mitchell","15.0","15.0","RB","KC","10","23.04","35.3","36.0","41.0","125.1","58.8","-17.4"
"","285","Gus Edwards","15.0","15.0","RB","UNS","18","118.12","51.9","5.0","61.0","94.6","58.7","-17.4"
"","286","Luke McCaffrey","15.0","15.0","WR","WAS","12","30.10","51.8","33.0","69.0","169.1","83.9","-17.5"
"","287","Zamir White","15.0","15.0","RB","LVR","8","35.06","30.4","41.0","38.0","129.2","58.3","-17.5"
"","288","Elijah Moore","15.0","15.0","WR","BUF","7","27.09","54.9","42.0","67.0","160.8","82.9","-17.9"
"Injured","289","Jonathan Mingo","15.0","15.0","WR","DAL","10","127.08","60.0","13.0","69.0","172.5","82.9","-17.9"
"","290","Jaleel McLaughlin","15.0","15.0","RB","DEN","12","27.11","46.0","33.0","59.0","76.7","57.1","-17.9"
"","291","KeAndre Lambert-Smith","15.0","15.0","WR","LAC","12","25.03","42.0","18.0","56.0","204.4","82.3","-18.1"
"","292","Raheem Mostert","15.0","15.0","RB","LVR","8","22.05","27.8","61.0","37.0","111.0","56.4","-18.1"
"","293","Kyle Philips","15.0","15.0","WR","LVR","8","158.04","0.0","82.0","0.0","0.0","82.0","-18.2"
"","294","Alexander Mattison","15.0","15.0","RB","MIA","12","33.11","0.0","56.0","0.0","0.0","56.0","-18.3"
"","295","Julius Chestnut","15.0","15.0","RB","TEN","10","144.12","22.6","36.0","29.0","145.0","55.9","-18.3"
"","296","Michael Gallup","15.0","15.0","WR","UNS","18","151.12","36.9","36.0","67.0","167.5","80.8","-18.6"
"","297","Tyler Johnson","15.0","15.0","WR","NYJ","9","102.05","46.2","15.0","66.0","174.9","80.2","-18.8"
"","298","Elijah Arroyo","15.0","10.0","TE","SEA","8","18.09","71.3","101.0","108.0","213.8","125.7","-18.9"
"","299","Dare Ogunbowale","15.0","15.0","RB","HOU","6","153.11","58.0","24.0","58.0","58.0","52.8","-19.2"
"","300","LeQuint Allen","15.0","15.0","RB","JAC","8","34.03","23.3","12.0","31.0","139.5","51.9","-19.5"
"","301","Marquez Valdes-Scantling","15.0","15.0","WR","SF","14","28.02","50.3","31.0","68.0","146.2","77.6","-19.7"
"","302","A.J. Dillon","15.0","15.0","RB","PHI","9","25.12","17.2","26.0","43.0","107.5","51.3","-19.7"
"","303","Robert Woods","15.0","15.0","WR","UNS","18","149.10","42.0","36.0","60.0","159.0","76.4","-20.1"
"","304","Damien Martinez","15.0","15.0","RB","UNS","18","31.02","23.8","9.0","28.0","131.6","48.3","-20.6"
"","305","Tyquan Thornton","15.0","15.0","WR","KC","10","97.12","27.8","17.0","37.0","218.3","74.3","-20.8"
"","306","Isaiah Bond","15.0","15.0","WR","CLE","9","25.10","33.8","54.0","45.0","171.0","73.7","-21.0"
"","307","Tyler Boyd","15.0","15.0","WR","UNS","18","143.05","57.0","29.0","67.0","127.3","73.5","-21.1"
"","308","Michael Carter","15.0","15.0","RB","UNS","18","109.09","19.8","13.0","33.0","115.5","46.9","-21.1"
"","309","Clyde Edwards-Helaire","15.0","15.0","RB","UNS","18","106.02","28.0","6.0","43.0","94.6","46.9","-21.1"
"","310","Marcus Yarns","15.0","15.0","RB","UNS","18","138.11","17.5","0.0","25.0","110.0","46.8","-21.1"
"","311","Devontez Walker","15.0","15.0","WR","BAL","7","142.03","30.7","20.0","53.0","177.6","73.3","-21.2"
"","312","Carson Steele","15.0","15.0","RB","UNS","18","115.10","25.6","9.0","32.0","112.0","45.9","-21.4"
"","313","Cam Akers","15.0","15.0","RB","UNS","18","151.07","37.7","4.0","46.0","78.2","45.7","-21.4"
"","314","AJ Barner","15.0","11.0","TE","SEA","8","25.05","81.6","91.0","102.0","205.0","120.9","-21.6"
"","315","Raheim Sanders","15.0","15.0","RB","CLE","9","148.04","18.0","12.0","24.0","127.2","45.0","-21.6"
"","316","Treylon Burks","15.0","15.0","WR","UNS","18","146.04","42.0","7.0","60.0","156.6","71.4","-21.8"
"","317","Pierre Strong Jr.","15.0","15.0","RB","UNS","18","133.03","26.9","12.0","34.0","98.3","44.4","-21.8"
"","318","Zay Jones","15.0","15.0","WR","ARI","8","138.12","47.6","38.0","56.0","140.0","71.3","-21.9"
"","319","Noah Fant","15.0","11.0","TE","CIN","10","24.09","74.2","101.0","106.0","190.8","119.9","-22.2"
"","320","D.J. Chark Jr.","15.0","15.0","WR","UNS","18","92.09","43.7","2.0","56.0","162.4","70.3","-22.2"
"","321","Kendrick Bourne","15.0","15.0","WR","UNS","18","88.04","61.8","11.0","71.0","113.6","70.2","-22.2"
"","322","Cordarrelle Patterson","15.0","15.0","RB","UNS","18","153.04","28.6","7.0","42.0","79.8","43.3","-22.2"
"","323","Jahan Dotson","15.0","15.0","WR","PHI","9","33.10","28.7","49.0","41.0","168.1","69.7","-22.4"
"","324","Shedeur Sanders","15.0","9.0","QB","CLE","9","16.08","21.7","53.0","31.0","93.0","47.3","-22.4"
"","325","Tyler Badie","15.0","15.0","RB","DEN","12","154.05","13.0","13.0","20.0","120.0","40.9","-22.9"
"","326","Skyy Moore","15.0","15.0","WR","SF","14","153.02","37.6","8.0","47.0","169.2","67.8","-23.1"
"","327","Arian Smith","15.0","15.0","WR","NYJ","9","32.07","34.3","31.0","49.0","151.9","67.7","-23.1"
"","328","Sincere McCormick","15.0","15.0","RB","UNS","18","156.01","22.5","10.0","30.0","90.0","39.6","-23.3"
"","329","Ty Chandler","15.0","15.0","RB","MIN","6","127.03","25.2","20.0","28.0","84.0","39.3","-23.4"
"","330","Tyler Conklin","15.0","11.0","TE","LAC","12","24.04","75.8","91.0","101.0","197.0","117.7","-23.5"
"Injured","331","Allen Lazard","15.0","15.0","WR","NYJ","9","28.08","36.4","73.0","56.0","103.6","66.6","-23.5"
"","332","Kimani Vidal","15.0","15.0","RB","UNS","18","34.10","15.6","16.0","26.0","94.9","38.8","-23.6"
"","333","Jamaal Williams","15.0","15.0","RB","UNS","18","146.06","18.2","0.0","28.0","70.0","37.7","-23.9"
"","334","Nelson Agholor","15.0","15.0","WR","UNS","18","154.06","52.7","4.0","62.0","117.8","64.5","-24.2"
"","335","Jalen Milroe","15.0","9.0","QB","SEA","8","20.02","14.4","24.0","18.0","108.0","39.1","-24.2"
"","336","Kalel Mullings","15.0","15.0","RB","TEN","10","35.09","15.8","17.0","21.0","94.5","36.5","-24.3"
"","337","Jameis Winston","15.0","9.0","QB","NYG","14","26.01","12.8","16.0","16.0","112.0","37.7","-24.6"
"","338","Deuce Vaughn","15.0","15.0","RB","UNS","18","139.02","13.3","10.0","19.0","100.7","35.6","-24.6"
"","339","Craig Reynolds","15.0","15.0","RB","DET","8","107.12","20.3","16.0","26.0","78.0","35.6","-24.6"
"","340","Savion Williams","15.0","15.0","WR","GB","5","31.04","39.2","17.0","49.0","137.2","62.9","-24.7"
"","341","Khalil Herbert","15.0","15.0","RB","UNS","18","29.12","17.5","9.0","25.0","81.3","34.4","-24.9"
"","342","Sterling Shepard","15.0","15.0","WR","TB","9","156.04","40.8","19.0","51.0","127.5","62.2","-25.0"
"","343","Tai Felton","15.0","15.0","WR","MIN","6","28.07","41.6","18.0","52.0","124.8","62.0","-25.1"
"","344","Jermaine Burton","15.0","15.0","WR","CIN","10","29.03","21.3","39.0","41.0","145.6","61.8","-25.1"
"Injured","345","Tyler Goodson","15.0","15.0","RB","IND","11","83.09","15.4","29.0","22.0","71.5","33.5","-25.2"
"","346","Jake Bobo","15.0","15.0","WR","SEA","8","128.11","30.1","37.0","43.0","133.3","60.9","-25.4"
"","347","Kirk Cousins","15.0","10.0","QB","ATL","5","21.03","11.2","14.0","14.0","100.8","33.6","-25.5"
"","348","Tyler Higbee","15.0","11.0","TE","LAR","8","23.01","71.2","130.0","89.0","182.5","114.2","-25.6"
"Injured","349","Deshaun Watson","15.0","10.0","QB","CLE","9","133.07","0.0","12.0","32.0","40.0","30.6","-26.2"
"","350","Malik Davis","15.0","15.0","RB","UNS","18","51.07","11.4","6.0","19.0","81.7","30.3","-26.2"
"","351","Kyle Juszczyk","15.0","15.0","RB","SF","14","97.11","0.0","30.0","0.0","0.0","30.0","-26.3"
"","352","Noah Gray","15.0","11.0","TE","KC","10","22.02","84.5","97.0","96.0","170.9","111.7","-27.0"
"","353","Jalin Hyatt","15.0","15.0","WR","NYG","14","101.06","23.4","33.0","36.0","133.2","56.0","-27.1"
"","354","Terrance Ferguson","15.0","11.0","TE","LAR","8","20.12","76.0","55.0","95.0","204.3","111.2","-27.3"
"","355","Jordan Mims","15.0","15.0","RB","UNS","18","108.10","13.0","16.0","20.0","56.0","26.6","-27.3"
"","356","Elijhah Badger","15.0","15.0","WR","UNS","18","116.03","18.9","0.0","27.0","135.0","55.0","-27.5"
"","357","Malachi Corley","15.0","15.0","WR","UNS","18","32.12","31.5","12.0","42.0","123.9","54.7","-27.6"
"Injured","358","Jordan Watkins","15.0","15.0","WR","SF","14","134.10","23.1","9.0","33.0","148.5","54.4","-27.6"
"","359","Montrell Johnson Jr.","15.0","15.0","RB","UNS","18","113.11","11.2","0.0","14.0","56.0","24.9","-27.8"
"","360","Hassan Haskins","15.0","15.0","RB","LAC","12","145.11","9.1","32.0","13.0","49.4","23.7","-28.2"
"","361","Derius Davis","15.0","15.0","WR","LAC","12","120.07","30.8","10.0","44.0","112.2","52.5","-28.3"
"","362","Cooper Rush","15.0","11.0","QB","BAL","7","136.05","0.0","21.0","0.0","0.0","21.0","-28.3"
"","363","Tez Johnson","15.0","15.0","WR","TB","9","148.05","26.6","8.0","38.0","125.4","51.8","-28.6"
"","364","Jimmy Garoppolo","15.0","11.0","QB","LAR","8","25.02","0.0","20.0","0.0","0.0","20.0","-28.6"
"","365","Keilan Robinson","15.0","15.0","RB","UNS","18","147.08","9.1","8.0","13.0","58.5","22.1","-28.7"
"","366","Mason Tipton","15.0","15.0","WR","NO","11","114.04","30.1","11.0","43.0","107.5","51.0","-28.8"
"","367","Tyrod Taylor","15.0","11.0","QB","NYJ","9","105.12","0.0","19.0","0.0","0.0","19.0","-28.8"
"","368","Jake Browning","15.0","11.0","QB","CIN","10","30.02","0.0","19.0","0.0","0.0","19.0","-28.8"
"","369","John Metchie","15.0","15.0","WR","PHI","9","117.11","18.9","15.0","29.0","137.5","50.3","-29.1"
"","370","Mac Jones","15.0","11.0","QB","SF","14","30.08","0.0","17.0","0.0","0.0","17.0","-29.2"
"","371","Javon Baker","15.0","15.0","WR","UNS","18","143.12","22.8","6.0","38.0","117.8","49.1","-29.5"
"","372","David Moore","15.0","15.0","WR","CAR","14","130.07","0.0","49.0","0.0","0.0","49.0","-29.5"
"","373","Will Levis","15.0","11.0","QB","TEN","10","33.03","0.0","16.0","0.0","0.0","16.0","-29.5"
"","374","Mason Rudolph","15.0","11.0","QB","PIT","5","28.11","0.0","16.0","0.0","0.0","16.0","-29.5"
"","375","Chimere Dike","15.0","15.0","WR","TEN","10","28.09","32.0","44.0","40.0","80.0","48.6","-29.6"
"","376","Trey Lance","15.0","11.0","QB","LAC","12","347.01","0.0","15.0","0.0","0.0","15.0","-29.7"
"","377","Zach Wilson","15.0","11.0","QB","MIA","12","26.07","0.0","15.0","0.0","0.0","15.0","-29.7"
"","378","Joe Milton III","15.0","11.0","QB","DAL","10","23.10","0.0","15.0","0.0","0.0","15.0","-29.7"
"","379","Gardner Minshew","15.0","11.0","QB","KC","10","32.04","0.0","15.0","0.0","0.0","15.0","-29.7"
"","380","Malik Willis","15.0","11.0","QB","GB","5","28.01","0.0","15.0","0.0","0.0","15.0","-29.7"
"","381","Marcus Mariota","15.0","11.0","QB","WAS","12","31.11","0.0","15.0","0.0","0.0","15.0","-29.7"
"","382","Jacoby Brissett","15.0","11.0","QB","ARI","8","106.08","0.0","14.0","0.0","0.0","14.0","-29.9"
"","383","Davis Mills","15.0","11.0","QB","HOU","6","119.08","0.0","14.0","0.0","0.0","14.0","-29.9"
"","384","Tyson Bagent","15.0","11.0","QB","CHI","5","153.08","0.0","14.0","0.0","0.0","14.0","-29.9"
"","385","Kenny Pickett","15.0","11.0","QB","LVR","8","26.11","0.0","14.0","0.0","0.0","14.0","-29.9"
"","386","Ricky White","15.0","15.0","WR","SEA","8","152.07","23.2","0.0","29.0","101.5","47.7","-30.0"
"","387","Joshua Dobbs","15.0","11.0","QB","NE","14","100.04","0.0","13.0","0.0","0.0","13.0","-30.1"
"","388","Jarrett Stidham","15.0","11.0","QB","DEN","12","104.07","0.0","13.0","0.0","0.0","13.0","-30.1"
"","389","Nick Mullens","15.0","11.0","QB","JAC","8","149.09","0.0","13.0","0.0","0.0","13.0","-30.1"
"","390","Ainias Smith","15.0","15.0","WR","UNS","18","102.04","16.8","6.0","21.0","147.0","47.1","-30.2"
"","391","Carson Wentz","15.0","11.0","QB","MIN","6","111.10","0.0","12.0","0.0","0.0","12.0","-30.4"
"","392","Mitchell 'Mitch' Trubisky","15.0","11.0","QB","BUF","7","110.04","0.0","12.0","0.0","0.0","12.0","-30.4"
"","393","Brandon Allen","15.0","11.0","QB","TEN","10","112.12","0.0","12.0","0.0","0.0","12.0","-30.4"
"","394","Andy Dalton","15.0","11.0","QB","CAR","14","117.06","0.0","12.0","0.0","0.0","12.0","-30.4"
"","395","Will Dissly","15.0","12.0","TE","LAC","12","347.01","68.9","101.0","83.0","178.5","105.6","-30.5"
"","396","Sam Howell","15.0","12.0","QB","PHI","9","29.04","0.0","11.0","0.0","0.0","11.0","-30.6"
"","397","Alec Ingold","15.0","15.0","FB","MIA","12","141.11","0.0","15.0","0.0","0.0","15.0","-30.9"
"","398","Donovan Edwards","15.0","15.0","RB","UNS","18","133.01","16.0","6.0","16.0","16.0","14.5","-31.1"
"","399","Israel Abanikanda","15.0","15.0","RB","UNS","18","127.07","4.2","6.0","6.0","42.0","14.0","-31.2"
"","400","C.J. Ham","15.0","15.0","RB","MIN","6","150.05","0.0","13.0","0.0","0.0","13.0","-31.5"
"","401","Mike Boone","15.0","15.0","RB","UNS","18","141.01","0.0","13.0","0.0","0.0","13.0","-31.5"
"","402","Hendon Hooker","15.0","12.0","QB","UNS","18","122.12","0.0","7.0","0.0","0.0","7.0","-31.5"
"","403","Drew Lock","15.0","12.0","QB","SEA","8","138.10","0.0","7.0","0.0","0.0","7.0","-31.5"
"","404","Quinn Ewers","15.0","12.0","QB","MIA","12","29.08","0.0","7.0","0.0","0.0","7.0","-31.5"
"","405","Eric Gray","15.0","15.0","RB","NYG","14","138.04","4.9","7.0","7.0","29.4","11.8","-31.9"
"","406","Dylan Laube","15.0","15.0","RB","LVR","8","107.05","6.6","9.0","12.0","15.6","11.5","-32.0"
"","407","Rakim Jarrett","15.0","15.0","WR","UNS","18","158.02","16.8","6.0","25.0","112.5","41.0","-32.3"
"","408","Jase McClellan","15.0","15.0","RB","UNS","18","157.11","3.6","6.0","6.0","27.0","10.5","-32.3"
"","409","Aidan O'Connell","15.0","12.0","QB","LVR","8","34.05","0.0","3.0","0.0","0.0","3.0","-32.4"
"","410","Justin Watson","15.0","15.0","WR","HOU","6","131.04","21.6","6.0","27.0","102.6","40.4","-32.5"
"","411","Will Howard","15.0","12.0","QB","PIT","5","27.10","0.0","2.0","0.0","0.0","2.0","-32.6"
"","412","Audric Estime","15.0","15.0","RB","UNS","18","28.12","3.9","9.0","6.0","15.9","8.4","-32.9"
"","413","Tommy Mellott","15.0","13.0","WR","LVR","8","92.02","0.0","1.0","0.0","0.0","1.0","-32.9"
"","414","Nick Nash","15.0","15.0","WR","UNS","18","34.06","16.1","13.0","23.0","101.2","38.5","-33.1"
"","415","Travis Homer","15.0","15.0","RB","CHI","5","141.05","0.0","8.0","0.0","0.0","8.0","-33.1"
"","416","Jeff Driskel","15.0","13.0","QB","UNS","18","34.11","0.0","0.0","0.0","0.0","0.0","-33.1"
"","417","Ben DiNucci","15.0","13.0","QB","UNS","18","70.03","0.0","0.0","0.0","0.0","0.0","-33.1"
"","418","Dresser Winn","15.0","13.0","QB","LAR","8","70.04","0.0","0.0","0.0","0.0","0.0","-33.1"
"","419","Kedon Slovis","15.0","13.0","QB","UNS","18","73.04","0.0","0.0","0.0","0.0","0.0","-33.1"
"","420","Max Brosmer","15.0","13.0","QB","MIN","6","75.09","0.0","0.0","0.0","0.0","0.0","-33.1"
"","421","Nathan Rourke","15.0","13.0","QB","NE","14","76.05","0.0","0.0","0.0","0.0","0.0","-33.1"
"","422","Chris Oladokun","15.0","13.0","QB","KC","10","79.11","0.0","0.0","0.0","0.0","0.0","-33.1"
"","423","C.J. Beathard","15.0","13.0","QB","UNS","18","68.03","0.0","0.0","0.0","0.0","0.0","-33.1"
"","424","Bailey Zappe","15.0","13.0","QB","UNS","18","68.01","0.0","0.0","0.0","0.0","0.0","-33.1"
"","425","Malik Cunningham","15.0","13.0","QB","BAL","7","61.05","0.0","0.0","0.0","0.0","0.0","-33.1"
"","426","Jacob Eason","15.0","13.0","QB","NYG","14","56.03","0.0","0.0","0.0","0.0","0.0","-33.1"
"","427","Taylor Heinicke","15.0","13.0","QB","UNS","18","134.12","0.0","0.0","0.0","0.0","0.0","-33.1"
"","428","Ryan Tannehill","15.0","13.0","QB","UNS","18","135.07","0.0","0.0","0.0","0.0","0.0","-33.1"
"","429","Skylar Thompson","15.0","13.0","QB","PIT","5","135.08","0.0","0.0","0.0","0.0","0.0","-33.1"
"","430","Desmond Ridder","15.0","13.0","QB","UNS","18","136.03","0.0","0.0","0.0","0.0","0.0","-33.1"
"","431","Blaine Gabbert","15.0","13.0","QB","KC","10","145.07","0.0","0.0","0.0","0.0","0.0","-33.1"
"","432","Josh Johnson","15.0","13.0","WR","WAS","12","148.10","0.0","0.0","0.0","0.0","0.0","-33.1"
"","433","Tanner McKee","15.0","13.0","QB","PHI","9","144.11","0.0","0.0","0.0","0.0","0.0","-33.1"
"","434","Sam Ehlinger","15.0","13.0","QB","UNS","18","231.03","0.0","0.0","0.0","0.0","0.0","-33.1"
"","435","Vernon Adams Jr.","15.0","13.0","QB","UNS","18","347.01","0.0","0.0","0.0","0.0","0.0","-33.1"
"","436","Ian Book","15.0","13.0","QB","UNS","18","156.06","0.0","0.0","0.0","0.0","0.0","-33.1"
"","437","Stetson Bennett","15.0","13.0","QB","LAR","8","153.10","0.0","0.0","0.0","0.0","0.0","-33.1"
"","438","Riley Leonard","15.0","13.0","QB","IND","11","151.01","0.0","0.0","0.0","0.0","0.0","-33.1"
"","439","Jack Plummer","15.0","13.0","QB","CAR","14","112.07","0.0","0.0","0.0","0.0","0.0","-33.1"
"","440","Graham Mertz","15.0","13.0","QB","HOU","6","113.10","0.0","0.0","0.0","0.0","0.0","-33.1"
"","441","Max Duggan","15.0","13.0","QB","UNS","18","114.03","0.0","0.0","0.0","0.0","0.0","-33.1"
"","442","Austin Reed","15.0","13.0","QB","CHI","5","115.11","0.0","0.0","0.0","0.0","0.0","-33.1"
"","443","Kurtis Rourke","15.0","13.0","QB","SF","14","116.10","0.0","0.0","0.0","0.0","0.0","-33.1"
"","444","Easton Stick","15.0","13.0","QB","UNS","18","126.01","0.0","0.0","0.0","0.0","0.0","-33.1"
"","445","Cam Miller","15.0","13.0","QB","LVR","8","130.01","0.0","0.0","0.0","0.0","0.0","-33.1"
"","446","Tommy DeVito","15.0","13.0","QB","NE","14","130.12","0.0","0.0","0.0","0.0","0.0","-33.1"
"","447","Devin Leary","15.0","13.0","QB","BAL","7","131.06","0.0","0.0","0.0","0.0","0.0","-33.1"
"","448","Case Keenum","15.0","13.0","QB","CHI","5","125.03","0.0","0.0","0.0","0.0","0.0","-33.1"
"","449","Mike White","15.0","13.0","QB","UNS","18","123.08","0.0","0.0","0.0","0.0","0.0","-33.1"
"","450","Dorian Thompson-Robinson","15.0","13.0","QB","UNS","18","122.08","0.0","0.0","0.0","0.0","0.0","-33.1"
"","451","DJ Uiagalelei","15.0","13.0","QB","LAC","12","122.06","0.0","0.0","0.0","0.0","0.0","-33.1"
"","452","Brady Cook","15.0","13.0","QB","UNS","18","121.07","0.0","0.0","0.0","0.0","0.0","-33.1"
"","453","Sean Clifford","15.0","13.0","QB","UNS","18","119.03","0.0","0.0","0.0","0.0","0.0","-33.1"
"","454","Hunter Dekkers","15.0","13.0","QB","NO","11","118.09","0.0","0.0","0.0","0.0","0.0","-33.1"
"","455","Jake Haener","15.0","13.0","QB","UNS","18","96.02","0.0","0.0","0.0","0.0","0.0","-33.1"
"","456","Kyle Trask","15.0","13.0","QB","UNS","18","99.02","0.0","0.0","0.0","0.0","0.0","-33.1"
"","457","Derek Carr","15.0","13.0","QB","NO","11","102.01","0.0","0.0","0.0","0.0","0.0","-33.1"
"","458","Seth Henigan","15.0","13.0","QB","JAC","8","111.08","0.0","0.0","0.0","0.0","0.0","-33.1"
"","459","Michael Pratt","15.0","13.0","QB","TB","9","109.01","0.0","0.0","0.0","0.0","0.0","-33.1"
"","460","Kyle McCord","15.0","13.0","QB","PHI","9","108.02","0.0","0.0","0.0","0.0","0.0","-33.1"
"","461","Brett Rypien","15.0","13.0","QB","UNS","18","107.10","0.0","0.0","0.0","0.0","0.0","-33.1"
"","462","Sam Hartman","15.0","13.0","QB","UNS","18","106.09","0.0","0.0","0.0","0.0","0.0","-33.1"
"","463","Clayton Tune","15.0","13.0","QB","UNS","18","104.12","0.0","0.0","0.0","0.0","0.0","-33.1"
"","464","Trevor Siemian","15.0","13.0","QB","UNS","18","96.01","0.0","0.0","0.0","0.0","0.0","-33.1"
"","465","Jaren Hall","15.0","13.0","QB","SEA","8","94.02","0.0","0.0","0.0","0.0","0.0","-33.1"
"","466","Tim Boyle","15.0","13.0","QB","UNS","18","92.11","0.0","0.0","0.0","0.0","0.0","-33.1"
"","467","Taulia Tagovailoa","15.0","13.0","QB","UNS","18","88.12","0.0","0.0","0.0","0.0","0.0","-33.1"
"","468","Will Grier","15.0","13.0","QB","UNS","18","88.10","0.0","0.0","0.0","0.0","0.0","-33.1"
"","469","Kyle Allen","15.0","13.0","QB","DET","8","85.05","0.0","0.0","0.0","0.0","0.0","-33.1"
"","470","Tyler Huntley","15.0","13.0","QB","BAL","7","84.10","0.0","0.0","0.0","0.0","0.0","-33.1"
"","471","Bo Melton","15.0","15.0","CB","GB","5","347.01","15.4","18.0","22.0","100.1","38.4","-33.2"
"","472","Zack Moss","15.0","15.0","RB","UNS","18","28.06","3.6","6.0","6.0","15.0","7.7","-33.2"
"","473","Zonovan 'Bam' Knight","15.0","15.0","RB","ARI","8","54.05","0.0","7.0","0.0","0.0","7.0","-33.4"
"","474","Jimmy Horn Jr.","15.0","15.0","WR","CAR","14","31.06","18.8","14.0","25.0","87.5","36.8","-33.7"
"","475","Kene Nwangwu","15.0","15.0","RB","NYJ","9","134.01","6.0","6.0","6.0","6.0","6.0","-33.7"
"","476","Patrick Ricard","15.0","15.0","RB","BAL","7","116.08","0.0","6.0","0.0","0.0","6.0","-33.7"
"","477","David Bell","15.0","15.0","WR","CLE","9","140.04","19.5","5.0","30.0","82.5","36.6","-33.8"
"","478","DeeJay Dallas","15.0","15.0","RB","ARI","8","118.07","0.0","5.0","0.0","0.0","5.0","-34.0"
"","479","Rasheen Ali","15.0","15.0","RB","BAL","7","79.08","0.0","5.0","0.0","0.0","5.0","-34.0"
"","480","Elijah Dotson","15.0","15.0","RB","UNS","18","127.09","0.0","4.0","0.0","0.0","4.0","-34.3"
"","481","Sione Vaki","15.0","15.0","RB","DET","8","154.09","0.0","4.0","0.0","0.0","4.0","-34.3"
"","482","Trey Sermon","15.0","15.0","RB","UNS","18","140.08","0.0","4.0","0.0","0.0","4.0","-34.3"
"","483","Jha'Quan Jackson","15.0","15.0","WR","UNS","18","148.09","14.4","8.0","18.0","99.0","34.6","-34.5"
"","484","Patrick Taylor","15.0","15.0","RB","SF","14","110.03","0.0","3.0","0.0","0.0","3.0","-34.6"
"","485","Ezekiel Elliott","15.0","15.0","RB","UNS","18","132.03","0.0","3.0","0.0","0.0","3.0","-34.6"
"","486","Darrynton Evans","15.0","15.0","RB","BUF","7","193.08","0.0","3.0","0.0","0.0","3.0","-34.6"
"","487","Ashton Dulin","15.0","15.0","WR","IND","11","147.09","16.8","5.0","21.0","90.3","33.9","-34.7"
"","488","Oronde Gadsden II","15.0","12.0","TE","LAC","12","23.07","53.3","44.0","73.0","215.4","98.4","-34.8"
"","489","Ronnie Rivers","15.0","15.0","RB","LAR","8","113.12","0.0","2.0","0.0","0.0","2.0","-34.9"
"","490","Jeffery 'Jeff' Wilson Jr.","15.0","15.0","RB","MIA","12","78.09","0.0","2.0","0.0","0.0","2.0","-34.9"
"","491","Avery Williams","15.0","15.0","RB","UNS","18","84.12","0.0","1.0","0.0","0.0","1.0","-35.2"
"","492","Raheem Blackshear","15.0","15.0","RB","UNS","18","98.09","0.0","1.0","0.0","0.0","1.0","-35.2"
"","493","JaMycal Hasty","15.0","15.0","RB","UNS","18","71.09","0.0","1.0","0.0","0.0","1.0","-35.2"
"","494","Malik Heath","15.0","15.0","WR","GB","5","136.07","13.7","10.0","21.0","81.9","32.2","-35.3"
"","495","Austin Hooper","15.0","12.0","TE","NE","14","30.12","73.1","81.0","86.0","146.2","97.1","-35.5"
"","496","Deneric Prince","15.0","15.0","RB","UNS","18","77.12","0.0","0.0","0.0","0.0","0.0","-35.5"
"","497","British Brooks","15.0","15.0","RB","HOU","6","80.01","0.0","0.0","0.0","0.0","0.0","-35.5"
"","498","Jawhar Jordan","15.0","15.0","RB","HOU","6","69.04","0.0","0.0","0.0","0.0","0.0","-35.5"
"","499","Jonathan Ward","15.0","15.0","RB","PIT","5","65.05","0.0","0.0","0.0","0.0","0.0","-35.5"
"","500","Ulysses Bentley IV","15.0","15.0","RB","IND","11","64.06","0.0","0.0","0.0","0.0","0.0","-35.5"
"","501","John Kelly","15.0","15.0","RB","CLE","9","56.08","0.0","0.0","0.0","0.0","0.0","-35.5"
"","502","Isaiah Spiller","15.0","15.0","RB","UNS","18","56.04","0.0","0.0","0.0","0.0","0.0","-35.5"
"","503","Louis Rees-Zammit","15.0","15.0","RB","UNS","18","137.08","0.0","0.0","0.0","0.0","0.0","-35.5"
"","504","Frank Gore Jr.","15.0","15.0","RB","UNS","18","147.03","0.0","0.0","0.0","0.0","0.0","-35.5"
"","505","Dillon Johnson","15.0","15.0","RB","UNS","18","147.11","0.0","0.0","0.0","0.0","0.0","-35.5"
"","506","La'Mical Perine","15.0","15.0","RB","PIT","5","148.07","0.0","0.0","0.0","0.0","0.0","-35.5"
"","507","Corey Kiner","15.0","15.0","RB","SF","14","150.03","0.0","0.0","0.0","0.0","0.0","-35.5"
"","508","Lan Larison","15.0","15.0","RB","NE","14","144.02","0.0","0.0","0.0","0.0","0.0","-35.5"
"","509","Tyrion Davis-Price","15.0","15.0","RB","UNS","18","142.11","0.0","0.0","0.0","0.0","0.0","-35.5"
"","510","Nathan Carter","15.0","15.0","RB","ATL","5","142.07","0.0","0.0","0.0","0.0","0.0","-35.5"
"","511","Ke'Shawn Vaughn","15.0","15.0","RB","UNS","18","141.09","0.0","0.0","0.0","0.0","0.0","-35.5"
"","512","DeWayne McBride","15.0","15.0","RB","UNS","18","141.02","0.0","0.0","0.0","0.0","0.0","-35.5"
"","513","Joshua Kelley","15.0","15.0","RB","TEN","10","225.09","0.0","0.0","0.0","0.0","0.0","-35.5"
"","514","Lew Nichols","15.0","15.0","RB","UNS","18","230.02","0.0","0.0","0.0","0.0","0.0","-35.5"
"","515","Deon Jackson","15.0","15.0","RB","UNS","18","277.11","0.0","0.0","0.0","0.0","0.0","-35.5"
"","516","Jabari Small","15.0","15.0","RB","TEN","10","347.01","0.0","0.0","0.0","0.0","0.0","-35.5"
"","517","Ian Wheeler","15.0","15.0","RB","CHI","5","156.03","0.0","0.0","0.0","0.0","0.0","-35.5"
"","518","Jonathon Brooks","15.0","15.0","RB","CAR","14","157.05","0.0","0.0","0.0","0.0","0.0","-35.5"
"","519","Blake Watson","15.0","15.0","RB","UNS","18","157.10","0.0","0.0","0.0","0.0","0.0","-35.5"
"","520","Kevin Harris","15.0","15.0","RB","NE","14","181.02","0.0","0.0","0.0","0.0","0.0","-35.5"
"","521","Scottie Phillips","15.0","15.0","RB","UNS","18","196.12","0.0","0.0","0.0","0.0","0.0","-35.5"
"","522","Terrell Jennings","15.0","15.0","RB","NE","14","204.02","0.0","0.0","0.0","0.0","0.0","-35.5"
"","523","Aaron Shampklin","15.0","15.0","RB","PIT","5","155.11","0.0","0.0","0.0","0.0","0.0","-35.5"
"","524","Cody Schrader","15.0","15.0","RB","LAR","8","154.10","0.0","0.0","0.0","0.0","0.0","-35.5"
"","525","Ja'Quinden Jackson","15.0","15.0","RB","UNS","18","154.01","0.0","0.0","0.0","0.0","0.0","-35.5"
"","526","Tony Jones Jr.","15.0","15.0","RB","ARI","8","150.07","0.0","0.0","0.0","0.0","0.0","-35.5"
"","527","Reggie Gilliam","15.0","15.0","RB","BUF","7","114.12","0.0","0.0","0.0","0.0","0.0","-35.5"
"","528","D'Onta Foreman","15.0","15.0","RB","UNS","18","115.02","0.0","0.0","0.0","0.0","0.0","-35.5"
"","529","Kenny McIntosh","15.0","15.0","RB","SEA","8","118.03","0.0","0.0","0.0","0.0","0.0","-35.5"
"","530","Royce Freeman","15.0","15.0","RB","UNS","18","126.11","0.0","0.0","0.0","0.0","0.0","-35.5"
"","531","Kendall Milton","15.0","15.0","RB","CIN","10","129.07","0.0","0.0","0.0","0.0","0.0","-35.5"
"","532","Hunter Luepke","15.0","15.0","RB","DAL","10","129.11","0.0","0.0","0.0","0.0","0.0","-35.5"
"","533","Xazavian Valladay","15.0","15.0","RB","PIT","5","131.11","0.0","0.0","0.0","0.0","0.0","-35.5"
"","534","Evan Hull","15.0","15.0","RB","IND","11","132.11","0.0","0.0","0.0","0.0","0.0","-35.5"
"","535","Emani Bailey","15.0","15.0","RB","CAR","14","125.05","0.0","0.0","0.0","0.0","0.0","-35.5"
"","536","Trayveon Williams","15.0","15.0","RB","UNS","18","100.09","0.0","0.0","0.0","0.0","0.0","-35.5"
"","537","Jake Funk","15.0","15.0","RB","IND","11","101.08","0.0","0.0","0.0","0.0","0.0","-35.5"
"","538","Ameer Abdullah","15.0","15.0","RB","SF","14","103.02","0.0","0.0","0.0","0.0","0.0","-35.5"
"","539","ShunDerrick Powell","15.0","15.0","RB","PHI","9","103.09","0.0","0.0","0.0","0.0","0.0","-35.5"
"","540","Tyreik McAllister","15.0","15.0","WR","LVR","8","104.01","0.0","0.0","0.0","0.0","0.0","-35.5"
"","541","Dante Miller","15.0","15.0","RB","NYG","14","107.11","0.0","0.0","0.0","0.0","0.0","-35.5"
"","542","Keaontay Ingram","15.0","15.0","RB","KC","10","93.03","0.0","0.0","0.0","0.0","0.0","-35.5"
"","543","Zach Evans","15.0","15.0","RB","UNS","18","89.08","0.0","0.0","0.0","0.0","0.0","-35.5"
"","544","Jaret Patterson","15.0","15.0","RB","UNS","18","89.01","0.0","0.0","0.0","0.0","0.0","-35.5"
"","545","Salvon Ahmed","15.0","15.0","RB","UNS","18","73.01","0.0","0.0","0.0","0.0","0.0","-35.5"
"","546","Gary Brightwell","15.0","15.0","RB","UNS","18","72.09","0.0","0.0","0.0","0.0","0.0","-35.5"
"","547","Chris Collier","15.0","15.0","RB","LVR","8","49.03","0.0","0.0","0.0","0.0","0.0","-35.5"
"","548","Myles Gaskin","15.0","15.0","RB","UNS","18","52.08","0.0","0.0","0.0","0.0","0.0","-35.5"
"","549","Aidan Robbins","15.0","15.0","RB","UNS","18","53.12","0.0","0.0","0.0","0.0","0.0","-35.5"
"","550","J.J. Taylor","15.0","15.0","RB","UNS","18","31.01","0.0","0.0","0.0","0.0","0.0","-35.5"
"","551","Daijun Edwards","15.0","15.0","RB","UNS","18","77.10","0.0","0.0","0.0","0.0","0.0","-35.5"
"","552","Devin Duvernay","15.0","15.0","WR","CHI","5","134.05","20.0","4.0","25.0","70.0","31.4","-35.6"
"","553","Cedrick 'Ced' Wilson","15.0","15.0","WR","NO","11","68.11","19.6","5.0","28.0","61.6","30.9","-35.7"
"","554","Kaden Prather","15.0","15.0","WR","BUF","7","141.03","11.2","0.0","16.0","72.0","30.4","-35.9"
"","555","KhaDarel Hodge","15.0","15.0","WR","ATL","5","115.03","30.0","28.0","30.0","30.0","29.7","-36.1"
"","556","Kobe Hudson","15.0","15.0","WR","CAR","14","158.03","12.8","0.0","17.0","66.3","29.7","-36.1"
"","557","Xavier Gipson","15.0","15.0","WR","NYJ","9","76.10","16.0","15.0","20.0","66.0","29.2","-36.3"
"","558","Xavier Hutchinson","15.0","15.0","WR","HOU","6","69.10","13.8","22.0","23.0","54.1","28.6","-36.5"
"","559","Ryan Miller","15.0","15.0","WR","TB","9","84.04","10.8","3.0","18.0","77.4","28.3","-36.6"
"","560","Michael Mayer","15.0","13.0","TE","LVR","8","27.01","72.9","76.0","81.0","149.9","94.9","-36.8"
"","561","Kevin Austin Jr.","15.0","15.0","WR","UNS","18","74.03","16.8","9.0","24.0","55.2","27.8","-36.8"
"","562","Casey Washington","15.0","15.0","WR","ATL","5","147.10","11.7","16.0","18.0","64.8","27.5","-36.9"
"","563","Tyler Scott","15.0","15.0","WR","IND","11","145.02","16.0","11.0","20.0","60.0","27.2","-37.0"
"","564","Dominic Lovett","15.0","15.0","WR","DET","8","64.02","11.2","0.0","16.0","59.2","26.9","-37.1"
"","565","Ryan Flournoy","15.0","15.0","WR","DAL","10","149.07","12.6","15.0","21.0","54.6","26.5","-37.2"
"","566","Michael Woods II","15.0","15.0","WR","CLE","9","121.01","11.9","6.0","17.0","66.3","25.9","-37.4"
"","567","Jalen Brooks","15.0","15.0","WR","DAL","10","155.03","14.0","7.0","20.0","54.0","24.9","-37.8"
"","568","Cade Stover","15.0","13.0","TE","HOU","6","31.07","47.5","47.0","73.0","193.5","92.9","-38.0"
"Injured","569","Taysom Hill","15.0","13.0","TE","NO","11","26.10","23.8","77.0","95.0","142.5","92.2","-38.3"
"","570","Anthony Gould","15.0","15.0","WR","IND","11","57.08","11.2","3.0","14.0","63.0","23.2","-38.4"
"","571","Quez Watkins","15.0","15.0","WR","UNS","18","201.02","0.0","23.0","0.0","0.0","23.0","-38.4"
"","572","LaJohntay Wester","15.0","15.0","WR","BAL","7","120.12","10.5","3.0","15.0","60.0","22.9","-38.5"
"","573","Konata Mumpfield","15.0","15.0","WR","LAR","8","118.08","9.1","18.0","13.0","52.0","22.2","-38.7"
"","574","Antwane Wells Jr.","15.0","15.0","WR","NYG","14","145.08","8.0","0.0","12.0","48.0","21.1","-39.1"
"","575","Charlie Jones","15.0","15.0","WR","CIN","10","126.04","16.5","5.0","22.0","29.7","20.3","-39.4"
"","576","DJ Turner","15.0","15.0","WR","LVR","8","104.10","10.5","6.0","15.0","37.5","18.1","-40.1"
"","577","Foster Moreau","15.0","13.0","TE","NO","11","83.02","63.2","69.0","79.0","134.3","87.8","-40.9"
"","578","Tylan Wallace","15.0","15.0","WR","BAL","7","115.06","0.0","15.0","0.0","0.0","15.0","-41.2"
"","579","Brandon Johnson","15.0","15.0","WR","UNS","18","146.10","0.0","15.0","0.0","0.0","15.0","-41.2"
"","580","Braxton Berrios","15.0","15.0","WR","HOU","6","142.04","16.0","3.0","16.0","16.0","14.0","-41.5"
"","581","Trey Palmer","15.0","15.0","WR","NO","11","152.12","0.0","14.0","0.0","0.0","14.0","-41.5"
"","582","Xavier Restrepo","15.0","15.0","WR","TEN","10","24.12","0.0","14.0","0.0","0.0","14.0","-41.5"
"","583","Samori Toure","15.0","15.0","WR","UNS","18","261.06","0.0","13.0","0.0","0.0","13.0","-41.9"
"","584","Irvin Charles","15.0","15.0","WR","NYJ","9","32.01","0.0","13.0","0.0","0.0","13.0","-41.9"
"","585","Steven Sims","15.0","15.0","WR","SEA","8","110.08","13.0","0.0","13.0","13.0","13.0","-41.9"
"","586","Austin Trammell","15.0","15.0","WR","JAC","8","222.06","0.0","12.0","0.0","0.0","12.0","-42.2"
"","587","Diontae Johnson","15.0","15.0","WR","UNS","18","24.07","3.6","36.0","6.0","11.8","11.6","-42.4"
"","588","Luke Musgrave","15.0","13.0","TE","GB","5","29.09","42.8","50.0","57.0","192.7","85.0","-42.5"
"","589","Dareke Young","15.0","15.0","WR","SEA","8","109.02","0.0","10.0","0.0","0.0","10.0","-42.9"
"","590","Trent Sherfield","15.0","15.0","WR","DEN","12","144.10","0.0","9.0","0.0","0.0","9.0","-43.2"
"","591","DeAndre Carter","15.0","15.0","WR","CLE","9","77.02","0.0","9.0","0.0","0.0","9.0","-43.2"
"","592","Gunnar Helm","15.0","14.0","TE","TEN","10","26.03","47.2","51.0","59.0","178.8","83.6","-43.4"
"","593","D'Wayne 'Dee' Eskridge","15.0","15.0","WR","MIA","12","105.07","0.0","8.0","0.0","0.0","8.0","-43.6"
"","594","Lil'Jordan Humphrey","15.0","15.0","WR","UNS","18","110.12","0.0","8.0","0.0","0.0","8.0","-43.6"
"","595","Jamal Agnew","15.0","15.0","WR","ATL","5","157.06","0.0","8.0","0.0","0.0","8.0","-43.6"
"","596","Erik Ezukanma","15.0","15.0","WR","UNS","18","144.04","0.0","8.0","0.0","0.0","8.0","-43.6"
"","597","Anthony Miller","15.0","15.0","WR","BAL","7","225.05","0.0","7.0","0.0","0.0","7.0","-43.9"
"","598","Bryce Oliver","15.0","15.0","WR","TEN","10","138.05","0.0","7.0","0.0","0.0","7.0","-43.9"
"","599","Ben Skowronek","15.0","15.0","WR","PIT","5","102.08","0.0","6.0","0.0","0.0","6.0","-44.3"
"","600","Dante Pettis","15.0","15.0","WR","UNS","18","138.02","0.0","5.0","0.0","0.0","5.0","-44.6"
"","601","Velus Jones","15.0","15.0","RB","NO","11","85.03","0.0","3.0","0.0","0.0","3.0","-45.3"
"","602","Tyrell Shavers","15.0","15.0","WR","BUF","7","95.05","0.0","3.0","0.0","0.0","3.0","-45.3"
"","603","Nathaniel 'Tank' Dell","15.0","15.0","WR","HOU","6","29.06","0.0","3.0","0.0","0.0","3.0","-45.3"
"","604","Isaiah Williams","15.0","15.0","WR","CIN","10","71.12","0.0","2.0","0.0","0.0","2.0","-45.6"
"","605","Nikko Remigio","15.0","15.0","WR","KC","10","123.03","0.0","1.0","0.0","0.0","1.0","-46.0"
"","606","Jason Brownlee","15.0","15.0","WR","NYJ","9","116.06","0.0","1.0","0.0","0.0","1.0","-46.0"
"","607","Trenton Irwin","15.0","15.0","WR","UNS","18","66.12","0.0","1.0","0.0","0.0","1.0","-46.0"
"","608","Dawson Knox","15.0","14.0","TE","BUF","7","27.04","52.8","58.0","60.0","147.0","78.7","-46.3"
"","609","Dax Milne","15.0","15.0","WR","UNS","18","69.11","0.0","0.0","0.0","0.0","0.0","-46.3"
"","610","Ja'Lynn Polk","15.0","15.0","WR","NE","14","34.07","0.0","0.0","0.0","0.0","0.0","-46.3"
"","611","Dez Fitzpatrick","15.0","15.0","WR","UNS","18","36.04","0.0","0.0","0.0","0.0","0.0","-46.3"
"","612","D.J. Montgomery","15.0","15.0","WR","IND","11","39.11","0.0","0.0","0.0","0.0","0.0","-46.3"
"","613","Tejhaun Palmer","15.0","15.0","WR","ARI","8","43.07","0.0","0.0","0.0","0.0","0.0","-46.3"
"","614","Jermaine Jackson","15.0","15.0","WR","UNS","18","51.02","0.0","0.0","0.0","0.0","0.0","-46.3"
"","615","Makai Polk","15.0","15.0","WR","UNS","18","51.04","0.0","0.0","0.0","0.0","0.0","-46.3"
"","616","Joshua Cephus","15.0","15.0","WR","UNS","18","72.01","0.0","0.0","0.0","0.0","0.0","-46.3"
"","617","K.J. Hamler","15.0","15.0","WR","UNS","18","72.02","0.0","0.0","0.0","0.0","0.0","-46.3"
"","618","Tim Jones","15.0","15.0","WR","MIN","6","77.01","0.0","0.0","0.0","0.0","0.0","-46.3"
"","619","Grant DuBose","15.0","15.0","WR","MIA","12","77.08","0.0","0.0","0.0","0.0","0.0","-46.3"
"","620","Kirk Merritt","15.0","15.0","WR","UNS","18","79.10","0.0","0.0","0.0","0.0","0.0","-46.3"
"","621","Josh Kelly","15.0","15.0","WR","DAL","10","80.02","0.0","0.0","0.0","0.0","0.0","-46.3"
"","622","Colton Dowell","15.0","15.0","WR","TEN","10","80.06","0.0","0.0","0.0","0.0","0.0","-46.3"
"","623","Darius Cooper","15.0","15.0","WR","PHI","9","80.12","0.0","0.0","0.0","0.0","0.0","-46.3"
"","624","Deonte Harty","15.0","15.0","WR","BAL","7","66.02","0.0","0.0","0.0","0.0","0.0","-46.3"
"","625","Isaiah Hodgins","15.0","15.0","WR","UNS","18","64.12","0.0","0.0","0.0","0.0","0.0","-46.3"
"","626","Justyn Ross","15.0","15.0","WR","UNS","18","63.04","0.0","0.0","0.0","0.0","0.0","-46.3"
"","627","Junior Bergen","15.0","15.0","WR","UNS","18","63.02","0.0","0.0","0.0","0.0","0.0","-46.3"
"","628","Lynn Bowden","15.0","15.0","WR","UNS","18","60.11","0.0","0.0","0.0","0.0","0.0","-46.3"
"","629","Jamison Crowder","15.0","15.0","WR","WAS","12","59.01","0.0","0.0","0.0","0.0","0.0","-46.3"
"","630","Ramel Keyton","15.0","15.0","WR","LVR","8","58.09","0.0","0.0","0.0","0.0","0.0","-46.3"
"","631","Jalen Reagor","15.0","15.0","WR","UNS","18","58.07","0.0","0.0","0.0","0.0","0.0","-46.3"
"","632","Johnny Wilson","15.0","15.0","WR","PHI","9","136.06","0.0","0.0","0.0","0.0","0.0","-46.3"
"","633","Andrew Armstrong","15.0","15.0","WR","MIA","12","136.08","0.0","0.0","0.0","0.0","0.0","-46.3"
"","634","Bryce Ford-Wheaton","15.0","15.0","WR","NYG","14","138.06","0.0","0.0","0.0","0.0","0.0","-46.3"
"","635","Daniel Jackson","15.0","15.0","WR","HOU","6","140.02","0.0","0.0","0.0","0.0","0.0","-46.3"
"Injured","636","Rondale Moore","15.0","15.0","WR","MIN","6","146.05","0.0","0.0","0.0","0.0","0.0","-46.3"
"","637","Terique Owens","15.0","15.0","WR","SF","14","146.12","0.0","0.0","0.0","0.0","0.0","-46.3"
"","638","Ja'Corey Brooks","15.0","15.0","WR","WAS","12","150.02","0.0","0.0","0.0","0.0","0.0","-46.3"
"","639","K.J. Osborn","15.0","15.0","WR","UNS","18","144.07","0.0","0.0","0.0","0.0","0.0","-46.3"
"","640","Tyron Johnson","15.0","15.0","WR","SF","14","144.03","0.0","0.0","0.0","0.0","0.0","-46.3"
"","641","Roc Taylor","15.0","15.0","WR","PIT","5","143.10","0.0","0.0","0.0","0.0","0.0","-46.3"
"","642","Donovan Peoples-Jones","15.0","15.0","WR","UNS","18","143.01","0.0","0.0","0.0","0.0","0.0","-46.3"
"","643","Traeshon Holden","15.0","15.0","WR","DAL","10","141.12","0.0","0.0","0.0","0.0","0.0","-46.3"
"","644","Alex Bachman","15.0","15.0","WR","LVR","8","141.08","0.0","0.0","0.0","0.0","0.0","-46.3"
"","645","Marcus Rosemy-Jacksaint","15.0","15.0","WR","UNS","18","141.06","0.0","0.0","0.0","0.0","0.0","-46.3"
"","646","A.T. Perry","15.0","15.0","WR","UNS","18","140.12","0.0","0.0","0.0","0.0","0.0","-46.3"
"","647","Beaux Collins","15.0","15.0","WR","NYG","14","140.10","0.0","0.0","0.0","0.0","0.0","-46.3"
"","648","Frank Darby","15.0","15.0","WR","ATL","5","211.11","0.0","0.0","0.0","0.0","0.0","-46.3"
"","649","Xavier Johnson","15.0","15.0","WR","HOU","6","217.01","0.0","0.0","0.0","0.0","0.0","-46.3"
"","650","Seth Williams","15.0","15.0","WR","JAC","8","219.07","0.0","0.0","0.0","0.0","0.0","-46.3"
"","651","Simi Fehoko","15.0","15.0","WR","UNS","18","225.04","0.0","0.0","0.0","0.0","0.0","-46.3"
"","652","Stanley Morgan","15.0","15.0","WR","CIN","10","227.08","0.0","0.0","0.0","0.0","0.0","-46.3"
"","653","Malik Taylor","15.0","15.0","WR","UNS","18","238.01","0.0","0.0","0.0","0.0","0.0","-46.3"
"","654","Kameron Johnson","15.0","15.0","WR","TB","9","239.03","0.0","0.0","0.0","0.0","0.0","-46.3"
"","655","Cade Johnson","15.0","15.0","WR","UNS","18","267.05","0.0","0.0","0.0","0.0","0.0","-46.3"
"","656","Mike Strachan","15.0","15.0","WR","CAR","14","267.12","0.0","0.0","0.0","0.0","0.0","-46.3"
"","657","Cam Sims","15.0","15.0","WR","LVR","8","347.01","0.0","0.0","0.0","0.0","0.0","-46.3"
"","658","Lideatrick Griffin","15.0","15.0","WR","GB","5","347.01","0.0","0.0","0.0","0.0","0.0","-46.3"
"","659","Samuel Brown","15.0","15.0","WR","RK","18","347.01","0.0","0.0","0.0","0.0","0.0","-46.3"
"","660","Alex Erickson","15.0","15.0","WR","LAC","12","166.04","0.0","0.0","0.0","0.0","0.0","-46.3"
"","661","Kristian Wilkerson","15.0","15.0","WR","UNS","18","177.08","0.0","0.0","0.0","0.0","0.0","-46.3"
"","662","Austin Watkins Jr.","15.0","15.0","WR","CLE","9","181.09","0.0","0.0","0.0","0.0","0.0","-46.3"
"","663","Kwamie Lassiter II","15.0","15.0","WR","CIN","10","190.02","0.0","0.0","0.0","0.0","0.0","-46.3"
"","664","Cole Burgess","15.0","15.0","WR","CIN","10","200.05","0.0","0.0","0.0","0.0","0.0","-46.3"
"","665","Tre'Quan Smith","15.0","15.0","WR","DET","8","201.04","0.0","0.0","0.0","0.0","0.0","-46.3"
"","666","Jalen Virgil","15.0","15.0","WR","UNS","18","202.03","0.0","0.0","0.0","0.0","0.0","-46.3"
"","667","Da'Quan Felton","15.0","15.0","WR","NYG","14","206.01","0.0","0.0","0.0","0.0","0.0","-46.3"
"","668","Chris Moore","15.0","15.0","WR","UNS","18","208.10","0.0","0.0","0.0","0.0","0.0","-46.3"
"Injured","669","Bub Means","15.0","15.0","WR","NO","11","155.07","0.0","0.0","0.0","0.0","0.0","-46.3"
"","670","James Proche","15.0","15.0","WR","UNS","18","155.04","0.0","0.0","0.0","0.0","0.0","-46.3"
"","671","Bru McCoy","15.0","15.0","WR","RK","18","151.08","0.0","0.0","0.0","0.0","0.0","-46.3"
"","672","Chase Claypool","15.0","15.0","WR","UNS","18","150.06","0.0","0.0","0.0","0.0","0.0","-46.3"
"","673","Xavier Smith","15.0","15.0","WR","LAR","8","113.03","0.0","0.0","0.0","0.0","0.0","-46.3"
"","674","Terrace Marshall","15.0","15.0","WR","UNS","18","113.04","0.0","0.0","0.0","0.0","0.0","-46.3"
"","675","Britain Covey","15.0","15.0","WR","LAR","8","116.01","0.0","0.0","0.0","0.0","0.0","-46.3"
"","676","Brandon Powell","15.0","15.0","WR","MIN","6","116.12","0.0","0.0","0.0","0.0","0.0","-46.3"
"","677","Antoine Green","15.0","15.0","WR","DET","8","117.05","0.0","0.0","0.0","0.0","0.0","-46.3"
"","678","Danny Gray","15.0","15.0","WR","UNS","18","118.04","0.0","0.0","0.0","0.0","0.0","-46.3"
"","679","Jacolby George","15.0","15.0","WR","CAR","14","125.06","0.0","0.0","0.0","0.0","0.0","-46.3"
"","680","Tahj Washington","15.0","15.0","WR","MIA","12","127.01","0.0","0.0","0.0","0.0","0.0","-46.3"
"","681","Brenden Rice","15.0","15.0","WR","UNS","18","128.09","0.0","0.0","0.0","0.0","0.0","-46.3"
"","682","Jalen Moreno-Cropper","15.0","15.0","WR","UNS","18","130.10","0.0","0.0","0.0","0.0","0.0","-46.3"
"","683","Xavier Weaver","15.0","15.0","WR","ARI","8","131.02","0.0","0.0","0.0","0.0","0.0","-46.3"
"","684","Marquez Callaway","15.0","15.0","WR","UNS","18","132.07","0.0","0.0","0.0","0.0","0.0","-46.3"
"","685","Cornelius Johnson","15.0","15.0","WR","GB","5","124.12","0.0","0.0","0.0","0.0","0.0","-46.3"
"","686","Odell Beckham Jr.","15.0","15.0","WR","UNS","18","122.02","0.0","0.0","0.0","0.0","0.0","-46.3"
"","687","Laviska Shenault","15.0","15.0","WR","UNS","18","121.04","0.0","0.0","0.0","0.0","0.0","-46.3"
"","688","Theo Wease Jr.","15.0","15.0","WR","UNS","18","96.03","0.0","0.0","0.0","0.0","0.0","-46.3"
"","689","Efton Chism","15.0","15.0","WR","NE","14","99.11","0.0","0.0","0.0","0.0","0.0","-46.3"
"","690","Ronnie Bell","15.0","15.0","WR","SF","14","100.11","0.0","0.0","0.0","0.0","0.0","-46.3"
"","691","Justin Shorter","15.0","15.0","WR","UNS","18","104.06","0.0","0.0","0.0","0.0","0.0","-46.3"
"","692","Kadarius Toney","15.0","15.0","WR","UNS","18","111.03","0.0","0.0","0.0","0.0","0.0","-46.3"
"","693","Jalen Guyton","15.0","15.0","WR","LVR","8","108.06","0.0","0.0","0.0","0.0","0.0","-46.3"
"","694","Gage Larvadain","15.0","15.0","WR","CLE","9","106.06","0.0","0.0","0.0","0.0","0.0","-46.3"
"","695","Isaiah Neyor","15.0","15.0","WR","UNS","18","105.10","0.0","0.0","0.0","0.0","0.0","-46.3"
"","696","Will Sheppard","15.0","15.0","WR","TB","9","105.06","0.0","0.0","0.0","0.0","0.0","-46.3"
"","697","Zach Pascal","15.0","15.0","WR","UNS","18","92.08","0.0","0.0","0.0","0.0","0.0","-46.3"
"","698","Equanimeous St. Brown","15.0","15.0","WR","SF","14","92.06","0.0","0.0","0.0","0.0","0.0","-46.3"
"","699","Jared Wayne","15.0","15.0","WR","UNS","18","91.03","0.0","0.0","0.0","0.0","0.0","-46.3"
"","700","Allen Robinson","15.0","15.0","WR","DET","8","90.08","0.0","0.0","0.0","0.0","0.0","-46.3"
"","701","Ben Sinnott","15.0","14.0","TE","WAS","12","23.11","39.6","50.0","45.0","189.0","78.2","-46.6"
"","702","Ihmir Smith-Marsette","15.0","15.0","WR","UNS","18","76.08","0.0","-1.0","0.0","0.0","-1.0","-46.7"
"","703","Gerald Everett","15.0","14.0","TE","UNS","18","72.07","52.0","8.0","65.0","162.5","76.7","-47.4"
"","704","Tommy Tremble","15.0","14.0","TE","CAR","14","137.03","46.8","55.0","52.0","156.0","75.7","-48.0"
"","705","Luke Schoonmaker","15.0","15.0","TE","DAL","10","32.03","34.8","45.0","52.0","132.6","66.9","-53.1"
"","706","Josh Whyle","15.0","15.0","TE","UNS","18","111.11","38.4","12.0","48.0","159.4","66.7","-53.2"
"","707","Greg Dulcich","15.0","15.0","TE","UNS","18","145.09","28.0","10.0","43.0","167.7","64.4","-54.6"
"","708","Mitchell Evans","15.0","15.0","TE","CAR","14","152.02","30.8","20.0","41.0","159.9","63.6","-55.0"
"","709","Stone Smartt","15.0","15.0","TE","NYJ","9","157.04","32.8","21.0","41.0","131.2","57.5","-58.6"
"","710","Drew Sample","15.0","15.0","TE","CIN","10","113.07","41.8","29.0","51.0","96.9","56.8","-59.0"
"","711","Elijah Higgins","15.0","15.0","TE","ARI","8","82.03","33.8","41.0","45.0","105.8","56.7","-59.1"
"","712","Harrison Bryant","15.0","15.0","TE","HOU","6","147.06","29.8","1.0","35.0","150.5","55.6","-59.7"
"","713","Josh Oliver","15.0","15.0","TE","MIN","6","155.08","24.5","60.0","35.0","106.8","53.8","-60.8"
"","714","Pharaoh Brown","15.0","15.0","TE","UNS","18","124.05","26.4","19.0","48.0","104.2","53.2","-61.1"
"","715","Grant Calcaterra","15.0","15.0","TE","PHI","9","93.10","25.2","44.0","36.0","111.6","53.0","-61.2"
"","716","Joshua Simon","15.0","15.0","TE","UNS","18","122.05","18.8","0.0","25.0","125.0","51.1","-62.3"
"","717","Darnell Washington","15.0","15.0","TE","PIT","5","142.06","30.8","35.0","40.0","97.2","51.0","-62.4"
"","718","Luke Lachey","15.0","15.0","TE","UNS","18","129.05","21.8","7.0","29.0","139.2","49.9","-63.0"
"","719","Jeremy Ruckert","15.0","15.0","TE","NYJ","9","152.01","28.8","35.0","36.0","100.8","49.7","-63.1"
"","720","Adam Trautman","15.0","15.0","TE","DEN","12","130.11","26.3","37.0","35.0","98.0","48.5","-63.8"
"","721","Julian Hill","15.0","15.0","TE","MIA","12","94.11","22.2","45.0","37.0","90.7","48.4","-63.9"
"","722","Lucas Krull","15.0","15.0","TE","DEN","12","78.02","28.1","15.0","42.0","94.5","47.8","-64.2"
"","723","Brock Wright","15.0","15.0","TE","DET","8","124.01","25.7","48.0","33.0","82.5","45.6","-65.5"
"","724","Daniel Bellinger","15.0","15.0","TE","NYG","14","128.05","23.2","31.0","29.0","101.5","45.1","-65.8"
"","725","Johnny Mundt","15.0","15.0","TE","JAC","8","158.05","32.3","27.0","38.0","76.0","44.2","-66.3"
"","726","Jake Briningstool","15.0","15.0","TE","KC","10","97.10","13.3","0.0","19.0","114.0","43.9","-66.5"
"","727","Charlie Kolar","15.0","15.0","TE","BAL","7","105.04","20.3","18.0","29.0","95.7","41.4","-68.0"
"","728","Kylen Granson","15.0","15.0","TE","PHI","9","153.05","23.2","6.0","29.0","100.1","41.0","-68.2"
"","729","Jaheim Bell","15.0","15.0","TE","UNS","18","142.10","15.8","38.0","21.0","96.6","40.3","-68.6"
"","730","Jelani Woods","15.0","15.0","TE","NYJ","9","136.02","14.0","16.0","31.0","88.4","39.3","-69.2"
"","731","Caleb Lohner","15.0","15.0","TE","DEN","12","142.05","13.4","0.0","20.0","90.0","37.9","-70.0"
"","732","Andrew 'Drew' Ogletree","15.0","15.0","TE","IND","11","50.09","14.7","31.0","21.0","90.3","37.6","-70.2"
"","733","Tanner McLachlan","15.0","15.0","TE","CIN","10","126.02","18.4","0.0","23.0","77.1","36.9","-70.6"
"","734","Tip Reiman","15.0","15.0","TE","ARI","8","115.04","17.3","15.0","23.0","92.0","36.8","-70.6"
"","735","Devin Culp","15.0","15.0","TE","TB","9","90.09","14.4","21.0","24.0","84.0","35.9","-71.2"
"","736","Colby Parkinson","15.0","15.0","TE","LAR","8","136.01","22.1","28.0","26.0","67.6","35.3","-71.5"
"","737","Charlie Woerner","15.0","15.0","TE","ATL","5","100.03","15.0","25.0","25.0","75.0","35.0","-71.7"
"","738","Payne Durham","15.0","15.0","TE","TB","9","138.03","11.4","32.0","19.0","83.6","34.7","-71.9"
"","739","Davis Allen","15.0","15.0","TE","LAR","8","121.12","20.4","7.0","24.0","81.6","34.1","-72.2"
"","740","Will Mallory","15.0","15.0","TE","IND","11","86.06","14.0","12.0","20.0","90.0","34.0","-72.3"
"","741","Mo Alie-Cox","15.0","15.0","TE","IND","11","101.07","38.0","8.0","38.0","38.0","33.4","-72.6"
"","742","John Bates","15.0","15.0","TE","WAS","12","149.12","19.5","18.0","26.0","65.0","32.8","-73.0"
"","743","Jared Wiley","15.0","15.0","TE","KC","10","158.09","11.4","13.0","19.0","85.5","32.3","-73.3"
"","744","Brevyn Spann-Ford","15.0","15.0","TE","DAL","10","131.01","15.2","23.0","19.0","72.2","31.3","-73.9"
"","745","Jackson Hawes","15.0","15.0","TE","BUF","7","119.04","15.2","16.0","19.0","76.0","31.1","-74.0"
"","746","Robbie Ouzts","15.0","15.0","RB","SEA","8","98.04","10.4","83.0","13.0","39.0","29.4","-75.0"
"","747","Thomas Fidone II","15.0","15.0","TE","NYG","14","107.01","10.5","18.0","14.0","70.0","27.0","-76.4"
"","748","Nate Adkins","15.0","15.0","TE","DEN","12","64.07","14.7","14.0","21.0","54.6","26.7","-76.5"
"","749","Moliki Matavao","15.0","15.0","TE","NO","11","130.03","10.5","29.0","15.0","60.0","26.9","-76.5"
"","750","Connor Heyward","15.0","15.0","TE","PIT","5","95.03","9.5","30.0","14.0","44.8","22.9","-78.8"
"","751","Durham Smythe","15.0","15.0","TE","CHI","5","135.05","12.6","14.0","18.0","45.0","22.8","-78.8"
"","752","Gavin Bartholomew","15.0","15.0","TE","MIN","6","149.05","10.5","18.0","14.0","49.0","22.1","-79.2"
"","753","Teagan Quitoriano","15.0","15.0","TE","ATL","5","95.06","0.0","22.0","0.0","0.0","22.0","-79.3"
"","754","Hunter Long","15.0","15.0","TE","JAC","8","67.11","0.0","20.0","0.0","0.0","20.0","-80.4"
"","755","Ian Thomas","15.0","15.0","TE","LVR","8","104.03","0.0","18.0","0.0","0.0","18.0","-81.6"
"","756","Luke Farrell","15.0","15.0","TE","SF","14","104.09","0.0","18.0","0.0","0.0","18.0","-81.6"
"","757","Eric Saubert","15.0","15.0","TE","SEA","8","118.11","0.0","17.0","0.0","0.0","17.0","-82.2"
"","758","Tanner Hudson","15.0","15.0","TE","CIN","10","158.10","0.0","14.0","0.0","0.0","14.0","-83.9"
"","759","Chris Manhertz","15.0","15.0","TE","NYG","14","149.08","0.0","12.0","0.0","0.0","12.0","-85.1"
"","760","Irv Smith","15.0","15.0","TE","HOU","6","134.09","0.0","8.0","0.0","0.0","8.0","-87.4"
"","761","Jordan Akins","15.0","15.0","TE","UNS","18","124.06","0.0","7.0","0.0","0.0","7.0","-88.0"
"","762","Erick All","15.0","15.0","TE","CIN","10","96.11","0.0","5.0","0.0","0.0","5.0","-89.2"
"","763","Jack Stoll","15.0","15.0","TE","NO","11","111.06","0.0","5.0","0.0","0.0","5.0","-89.2"
"","764","Jack Westover","15.0","15.0","TE","NE","14","62.08","0.0","5.0","0.0","0.0","5.0","-89.2"
"","765","Feleipe Franks","15.0","15.0","TE","CAR","14","112.06","0.0","3.0","0.0","0.0","3.0","-90.4"
"","766","Ko Kieft","15.0","15.0","TE","TB","9","149.01","0.0","3.0","0.0","0.0","3.0","-90.4"
"","767","Quintin Morris","15.0","15.0","TE","JAC","8","62.04","0.0","3.0","0.0","0.0","3.0","-90.4"
"","768","James Mitchell","15.0","15.0","TE","UNS","18","39.01","0.0","3.0","0.0","0.0","3.0","-90.4"
"","769","MyCole Pruitt","15.0","15.0","TE","PIT","5","224.09","0.0","0.0","0.0","0.0","0.0","-92.1"
"","770","Peyton Hendershot","15.0","15.0","TE","UNS","18","233.10","0.0","0.0","0.0","0.0","0.0","-92.1"
"","771","Lawrence Cager","15.0","15.0","TE","UNS","18","237.01","0.0","0.0","0.0","0.0","0.0","-92.1"
"","772","Josiah Deguara","15.0","15.0","TE","ARI","8","237.11","0.0","0.0","0.0","0.0","0.0","-92.1"
"","773","Tyler Davis","15.0","15.0","TE","GB","5","239.02","0.0","0.0","0.0","0.0","0.0","-92.1"
"","774","Briley Moore","15.0","15.0","TE","TEN","10","269.08","0.0","0.0","0.0","0.0","0.0","-92.1"
"","775","Brycen Hopkins","15.0","15.0","TE","LAR","8","298.06","0.0","0.0","0.0","0.0","0.0","-92.1"
"","776","Brant Kuithe","15.0","15.0","TE","RK","18","347.01","0.0","0.0","0.0","0.0","0.0","-92.1"
"","777","Blake Whiteheart","15.0","15.0","TE","CLE","9","151.11","0.0","0.0","0.0","0.0","0.0","-92.1"
"","778","Tyler Kroft","15.0","15.0","TE","MIA","12","151.03","0.0","0.0","0.0","0.0","0.0","-92.1"
"","779","Brevin Jordan","15.0","15.0","TE","HOU","6","150.09","0.0","0.0","0.0","0.0","0.0","-92.1"
"","780","Donald Parham","15.0","15.0","TE","PIT","5","152.03","0.0","0.0","0.0","0.0","0.0","-92.1"
"","781","C.J. Uzomah","15.0","15.0","TE","UNS","18","207.07","0.0","0.0","0.0","0.0","0.0","-92.1"
"","782","Nick Vannett","15.0","15.0","TE","UNS","18","203.06","0.0","0.0","0.0","0.0","0.0","-92.1"
"","783","Bryson Nesbit","15.0","15.0","TE","MIN","6","198.07","0.0","0.0","0.0","0.0","0.0","-92.1"
"","784","Mitchell Wilcox","15.0","15.0","TE","NE","14","182.05","0.0","0.0","0.0","0.0","0.0","-92.1"
"","785","Kenny Yeboah","15.0","15.0","TE","DET","8","94.05","0.0","0.0","0.0","0.0","0.0","-92.1"
"","786","Jordan Matthews","15.0","15.0","TE","UNS","18","97.05","0.0","0.0","0.0","0.0","0.0","-92.1"
"","787","Geoff Swaim","15.0","15.0","TE","UNS","18","97.06","0.0","0.0","0.0","0.0","0.0","-92.1"
"","788","Jalin Conyers","15.0","15.0","TE","MIA","12","121.02","0.0","0.0","0.0","0.0","0.0","-92.1"
"","789","Shane Zylstra","15.0","15.0","TE","DET","8","122.09","0.0","0.0","0.0","0.0","0.0","-92.1"
"","790","Hakeem Butler","15.0","15.0","WR","CIN","10","123.11","0.0","0.0","0.0","0.0","0.0","-92.1"
"","791","Albert Okwuegbunam","15.0","15.0","TE","LVR","8","128.10","0.0","0.0","0.0","0.0","0.0","-92.1"
"","792","E.J. Jenkins","15.0","15.0","TE","PHI","9","64.08","0.0","0.0","0.0","0.0","0.0","-92.1"
"","793","Cameron Latu","15.0","15.0","TE","UNS","18","64.03","0.0","0.0","0.0","0.0","0.0","-92.1"
"","794","Zach Davidson","15.0","15.0","TE","BUF","7","61.03","0.0","0.0","0.0","0.0","0.0","-92.1"
"","795","CJ Dippre","15.0","15.0","TE","NE","14","59.02","0.0","0.0","0.0","0.0","0.0","-92.1"
"","796","Stephen Sullivan","15.0","15.0","TE","CAR","14","143.06","0.0","0.0","0.0","0.0","0.0","-92.1"
"","797","Benjamin Yurosek","15.0","15.0","TE","MIN","6","140.05","0.0","0.0","0.0","0.0","0.0","-92.1"
"","798","Blake Bell","15.0","15.0","TE","KC","10","210.01","0.0","0.0","0.0","0.0","0.0","-92.1"
"","799","David Martin-Robinson","15.0","15.0","TE","TEN","10","214.09","0.0","0.0","0.0","0.0","0.0","-92.1"
"","800","Cole Turner","15.0","15.0","TE","UNS","18","215.10","0.0","0.0","0.0","0.0","0.0","-92.1"
"","801","Ross Dwelley","15.0","15.0","TE","UNS","18","145.05","0.0","0.0","0.0","0.0","0.0","-92.1"
"","802","Hayden Hurst","15.0","15.0","TE","UNS","18","135.01","0.0","0.0","0.0","0.0","0.0","-92.1"
"","803","Tucker Fisk","15.0","15.0","TE","LAC","12","54.12","0.0","0.0","0.0","0.0","0.0","-92.1"
