Rank,Team,Player,"Fantasy Position",Games,ADP,Bye,SOS,InjuryRisk,"Floor Proj","Consensus Proj","DS Proj",CeilingProj,"3D Value"
1,BAL,"Lamar Jackson",QB,17,1.02,7,-3.5%,31%,339,365,381,415.2,100
2,BUF,"Josh Allen",QB,17,1.01,7,-0.1%,26%,336.6,366,374,418.9,97.5
3,WAS,"Jayden Daniels",QB,17,1.05,12,-2.3%,43%,331.1,361,381,411,97.4
4,PHI,"Jalen Hurts",QB,17,1.10,9,-0.5%,59%,332.2,357,378,411.5,96.2
5,CIN,"Joe Burrow",QB,17,1.07,10,-4.8%,32%,306.2,338,356,370.3,73.1
6,CIN,"Ja'Marr Chase",WR,17,1.03,10,0.4%,49%,279.2,328,336,386.9,68.8
7,ATL,"Bijan Robinson",RB,17,1.04,5,5.6%,39%,270.6,311,322,367.3,65.1
8,DAL,"CeeDee Lamb",WR,17,1.11,10,-3.2%,56%,272.7,299,329,377.8,64.5
9,PHI,"Saquon Barkley",RB,17,1.09,9,-2.8%,52%,261.1,305,318,366.1,63.2
10,SF,"Christian McCaffrey",RB,17,2.04,14,4.4%,94%,227.1,289,324,379.6,62.4
11,MIN,"Justin Jefferson",WR,17,1.06,6,-0.6%,57%,268.5,300,312,380.9,61.2
12,DET,"Jahmyr Gibbs",RB,17,1.08,8,-6.6%,68%,253.1,298,301,373.6,59.7
13,NYG,"Malik Nabers",WR,17,2.03,14,-2.7%,75%,253.7,287,306,379,58.2
14,LAR,"Puka Nacua",WR,17,2.05,8,0.4%,74%,263.4,276,303,384.6,58.1
15,LVR,"Brock Bowers",TE,17,2.02,8,-6.5%,53%,257.6,298,318,346.7,56.1
16,HOU,"Nico Collins",WR,17,2.08,6,0.3%,82%,250.6,280,306,360.6,55.8
17,KC,"Patrick Mahomes",QB,17,2.07,10,1.1%,19%,285.6,319,328,361,54.4
18,ARI,"Trey McBride",TE,17,2.11,8,4.9%,66%,260.9,292,307,340.8,54.1
19,LVR,"Ashton Jeanty",RB,17,1.12,8,-1.8%,81%,244.6,273,284,358.4,52.8
20,MIA,"De'Von Achane",RB,17,2.10,12,2.8%,93%,235.6,278,298,331.1,52.7
21,JAC,"Brian Thomas Jr.",WR,17,2.09,8,-1.2%,42%,242.9,267,293,354.1,51.3
22,BAL,"Derrick Henry",RB,17,2.06,7,-4.3%,41%,240,271,286,334.3,50.6
23,DET,"Amon-Ra St. Brown",WR,17,2.01,8,1%,31%,256,274,275,355.1,49.2
24,ATL,"Drake London",WR,17,2.12,5,1.4%,85%,249.9,268,284,338,48.6
25,PHI,"A.J. Brown",WR,17,3.04,9,1.1%,75%,248.3,261,282,341.4,48
26,IND,"Jonathan Taylor",RB,17,3.03,11,0.8%,86%,235.2,260,264,348.8,46.7
27,CIN,"Chase Brown",RB,17,3.09,10,-0.7%,72%,226.1,254,269,339.2,45.8
28,DEN,"Bo Nix",QB,17,3.06,12,1.6%,25%,275.3,307,320,349,45.7
29,TB,"Baker Mayfield",QB,17,3.07,9,1.3%,25%,275.8,316,313,354.2,45.7
30,NYJ,"Justin Fields",QB,17,6.12,9,3.2%,55%,262.6,300,316,363.9,44.9
31,ARI,"Kyler Murray",QB,17,4.08,8,6.7%,25%,277.7,307,312,355.7,44.8
32,SF,"George Kittle",TE,17,3.11,14,3.6%,89%,225.6,263,265,323.9,44.3
33,CHI,"Caleb Williams",QB,17,5.04,5,-4.1%,24%,267.4,291,315,352.4,42.1
34,GB,"Josh Jacobs",RB,17,3.02,5,-0.4%,85%,225.4,263,262,306.7,41.9
35,CIN,"Tee Higgins",WR,17,4.04,10,0.4%,90%,223.6,254,273,310.9,41.4
36,TB,"Bucky Irving",RB,17,3.01,9,2.1%,79%,215.3,261,266,297.7,41
37,NO,"Alvin Kamara",RB,17,4.09,11,6.9%,94%,205,234,270,302.1,39.9
38,SF,"Brock Purdy",QB,17,5.03,14,4.3%,28%,275.5,306,306,345.9,39.7
39,LAR,"Kyren Williams",RB,17,3.08,8,2.6%,70%,216.6,249,258,301.6,39.2
40,LAC,"Ladd McConkey",WR,17,3.05,12,-0.8%,82%,223.4,249,254,327.5,39
41,LAC,"Justin Herbert",QB,17,4.06,12,-0.7%,32%,270.3,285,311,348,38.8
42,SEA,"Kenneth Walker III",RB,17,5.01,8,3.4%,63%,211.1,212,254,307.8,36.2
43,MIA,"Tyreek Hill",WR,17,4.07,12,2.9%,31%,197.8,244,250,325.6,36
44,DAL,"Dak Prescott",QB,17,5.12,10,-5%,31%,270.5,289,304,343.5,35.6
45,NE,"Drake Maye",QB,17,5.09,14,1.5%,47%,266.9,289,300,350.8,35.5
46,DET,"Sam LaPorta",TE,17,4.12,8,2.9%,84%,207.8,217,228,301.4,34.9
47,TB,"Mike Evans",WR,17,4.11,9,0.7%,68%,212.7,245,256,289.6,34.7
48,LAC,"Omarion Hampton",RB,17,4.02,12,-3.4%,91%,188.3,217,241,330.6,34.7
49,BUF,"James Cook",RB,17,4.05,7,-1.9%,73%,211.6,229,249,286.3,34.4
50,ARI,"James Conner",RB,17,6.02,8,4.7%,94%,182.8,219,261,287.2,34.3
51,KC,"Travis Kelce",TE,17,6.11,10,-8.1%,52%,184.6,222,240,280.5,34.3
52,CLE,"David Njoku",TE,17,9.02,9,2.3%,78%,190.1,215,229,277.2,32.5
53,GB,"Jordan Love",QB,17,6.09,5,-3.1%,31%,265.9,277,302,341.5,32.1
54,JAC,"Trevor Lawrence",QB,17,7.09,8,3%,36%,267.7,278,301,342.8,32.1
55,CAR,"Chuba Hubbard",RB,17,5.05,14,3.4%,69%,192.4,225,244,282.5,31.7
56,MIN,"T.J. Hockenson",TE,17,6.08,6,-5.3%,61%,198.1,210,220,281.7,31.7
57,SEA,"Jaxon Smith-Njigba",WR,17,3.12,8,1.5%,49%,217.5,232,242,287.6,31.4
58,DET,"Jared Goff",QB,17,5.06,8,-4.1%,16%,271,279,298,339.5,31.2
59,NYJ,"Garrett Wilson",WR,17,4.03,9,3%,41%,207.7,226,236,299.7,30.4
60,LAR,"Davante Adams",WR,17,5.08,8,0.4%,64%,204.7,242,233,295.5,30.3
61,NYJ,"Breece Hall",RB,17,4.01,9,5%,79%,196.2,216,223,301,29
62,CAR,"Tetairoa McMillan",WR,17,5.10,14,2%,48%,189.6,217,234,297.2,28.2
63,MIN,"J.J. McCarthy",QB,17,7.04,6,-3.5%,25%,232.4,278,302,341.1,28.1
64,ARI,"Marvin Harrison Jr.",WR,17,3.10,8,0.9%,83%,196.7,232,226,298.5,28
65,HOU,"C.J. Stroud",QB,17,5.11,6,4.7%,28%,267.9,270,294,338.5,28
66,CHI,"D.J. Moore",WR,17,6.01,5,0.5%,50%,202.8,225,230,290.3,27.9
67,WAS,"Terry McLaurin",WR,17,4.10,12,-0.2%,59%,198.9,230,234,280.8,27.9
68,KC,"Xavier Worthy",WR,17,6.07,10,0.6%,54%,195.1,214,230,298.4,27.7
69,PIT,"D.K. Metcalf",WR,17,6.03,5,1.9%,68%,200.1,227,235,277.8,27.7
70,PHI,"DeVonta Smith",WR,17,6.04,9,1.1%,72%,202.1,220,230,287.1,27.6
71,BAL,"Mark Andrews",TE,17,8.03,7,4.6%,45%,181.9,191,207,270.8,27.5
72,MIA,"Jaylen Waddle",WR,17,8.02,12,2.9%,66%,191.8,204,237,288.9,27.4
73,NE,"TreVeyon Henderson",RB,17,5.07,14,3.7%,75%,169.8,208,223,294.9,26.9
74,MIA,"Tua Tagovailoa",QB,17,9.10,12,2.2%,30%,255.3,258,290,333.6,26.7
75,CAR,"Bryce Young",QB,17,9.06,14,3.6%,22%,247.2,260,284,329.7,25.9
76,DAL,"George Pickens",WR,17,7.05,10,-3.2%,52%,189.7,206,226,284.5,25.7
77,BAL,"Zay Flowers",WR,17,7.02,7,1.2%,62%,205,208,233,258.6,25.6
78,DEN,"Courtland Sutton",WR,17,6.10,12,-1.3%,67%,202.7,218,230,258,25.5
79,IND,"Tyler Warren",TE,17,8.01,11,0.4%,26%,160.5,187,203,278.4,25.4
80,KC,"Rashee Rice",WR,11,5.02,10,0.6%,80%,180.4,211,223,287.3,25.3
81,TEN,"Tony Pollard",RB,17,8.06,10,-0.4%,60%,169.4,203,220,268.5,24.8
82,DET,"Jameson Williams",WR,17,7.03,8,1%,48%,185.5,199,221,284.9,24.5
83,LVR,"Geno Smith",QB,17,10.10,8,-1.4%,33%,250.7,262,272,321.5,24.5
84,ATL,"Michael Penix Jr.",QB,17,8.09,5,3.3%,15%,248.2,254,270,329.1,24.4
85,DET,"David Montgomery",RB,17,7.01,8,-6.6%,95%,176.6,191,218,261.6,24
86,BUF,"Dalton Kincaid",TE,17,10.11,7,4.6%,85%,162.3,174,205,265.1,23.5
87,DEN,"Evan Engram",TE,17,8.10,12,1.9%,71%,158.1,193,203,255.4,23.2
88,SEA,"Sam Darnold",QB,17,11.02,8,4%,30%,245,239,266,319.6,23.1
89,TEN,"Calvin Ridley",WR,17,8.07,10,1.2%,39%,179.8,203,225,254,23
90,IND,"Zaire Franklin",LB,17,,11,9.6%,0%,120.2,154,154,184.9,22.9
91,KC,"Isiah Pacheco",RB,17,7.07,10,-1%,93%,153.5,184,216,268.1,22.8
92,CLE,"Jerry Jeudy",WR,17,8.08,9,-2.2%,50%,187.7,212,211,267.8,22.7
93,NO,"Chris Olave",WR,17,8.05,11,-1%,75%,166.9,195,217,277.4,22.5
94,JAC,"Travis Hunter",WR,17,6.06,8,-1.2%,37%,155.1,191,210,299.7,22.4
95,SF,"Ricky Pearsall",WR,17,9.03,14,1.1%,54%,170.3,184,208,294.9,22.2
96,CHI,"D'Andre Swift",RB,17,7.10,5,-3.4%,82%,148.2,192,209,267.1,22.1
97,DEN,"RJ Harvey",RB,17,6.05,12,-3%,68%,156.1,191,205,271.2,22.1
98,TEN,"Cameron Ward",QB,17,8.12,10,2.1%,22%,224.3,245,255,323.7,22
99,DAL,"Jake Ferguson",TE,17,11.09,10,-6.4%,70%,163.4,187,210,228.4,21.7
100,MIN,"Aaron Jones",RB,17,8.04,6,-3.5%,94%,161.9,187,205,262.2,21.7
101,WAS,"Deebo Samuel",WR,17,9.09,12,-0.2%,94%,177.2,191,219,251.6,21.4
102,LAR,"Matthew Stafford",QB,17,10.03,8,4.9%,33%,227.1,247,250,317,21.3
103,IND,"Daniel Jones",QB,11,14.12,11,2.2%,30%,179.1,279,239,348.6,21.3
104,PIT,"Aaron Rodgers",QB,17,12.11,5,-2.5%,29%,239.4,228,249,319.1,21.1
105,DET,"Brian Branch",DB,17,,8,-5.4%,0%,101.6,96,135,169.4,21.1
106,CHI,"Rome Odunze",WR,17,7.12,5,0.5%,52%,181.1,188,197,289.4,21
107,TB,"Emeka Egbuka",WR,17,9.12,9,0.7%,26%,178.5,181,198,291.6,20.8
108,IND,"Josh Downs",WR,17,11.05,11,-0.9%,71%,176.5,179,203,274,20.1
109,GB,"Tucker Kraft",TE,17,10.08,5,-4.1%,38%,162.4,181,196,246.5,20
110,LVR,"Jakobi Meyers",WR,17,9.05,8,-0.8%,68%,176.4,194,215,230.2,19.5
111,BAL,"Roquan Smith",LB,17,,7,4.4%,12%,122.5,157,146,175,19.2
112,TB,"Antoine Winfield Jr.",DB,17,,9,-2.2%,0%,96.1,125,128,171.8,19.1
113,MIN,"Jordan Addison",WR,14,8.11,6,-0.6%,85%,170.8,184,203,258.2,19
114,ARI,"Budda Baker",DB,17,,8,8.2%,21%,99.1,120,130,163,18.7
115,BUF,"Khalil Shakir",WR,17,10.09,7,1.1%,53%,177.6,182,209,236.1,18.6
116,IND,"Michael Pittman Jr.",WR,17,11.10,11,-0.9%,93%,175.9,188,193,263,18.4
117,NYG,"Russell Wilson",QB,12,13.06,14,-5.4%,22%,163.4,217,248,314.5,18.3
118,GB,"Matthew Golden",WR,17,9.07,5,-0.7%,70%,161.1,184,185,285.1,18
119,PHI,"Dallas Goedert",TE,17,12.04,9,-4.5%,85%,166.2,179,193,233.8,17.9
120,SF,"Jauan Jennings",WR,17,10.07,14,1.1%,71%,162.4,181,191,267.4,17.6
121,IND,"Anthony Richardson",QB,6,14.10,11,2.2%,75%,61.9,78,119,184.5,17.5
122,NE,"Stefon Diggs",WR,17,10.05,14,1.1%,42%,160.2,184,195,257.9,17.4
123,NYG,"Tyrone Tracy Jr.",RB,17,9.08,14,-4.6%,85%,127,180,190,227.5,16.2
124,LAC,"Daiyan Henley",LB,17,,12,11.4%,0%,110.9,83,139,173.3,15.6
125,CHI,"Kevin Byard",DB,17,,5,-1.5%,0%,90.9,115,126,151.6,15.4
126,PIT,"Jaylen Warren",RB,17,10.02,5,-1.3%,77%,141,172,185,217,15.1
127,PHI,"Zack Baun",LB,17,,9,-6.1%,0%,109.3,84,137,175,15.1
128,BAL,"Kyle Hamilton",DB,17,,7,4.4%,29%,95.7,119,120,155.6,14.9
129,IND,"Nick Cross",DB,17,,11,9.6%,0%,99,67,118,153.2,14.3
130,BUF,"Keon Coleman",WR,17,12.01,7,1.1%,55%,145.2,168,179,258.2,14
131,LAC,"Derwin James",DB,17,,12,11.4%,32%,88.2,131,116,162.6,14
132,CLE,"Joe Flacco",QB,9,16.01,9,-5.1%,18%,66.5,129,133,188.9,13.8
133,NO,"Rashid Shaheed",WR,17,12.07,11,-1%,49%,160,165,180,242.7,13.7
134,GB,"Edgerrin Cooper",LB,17,,5,-4.4%,0%,107.2,70,134,174.1,13.7
135,CAR,"Ryan Fitzgerald",K,17,158.07,14,5.8%,0%,119.1,,131,163.6,13.7
136,ATL,"Darnell Mooney",WR,17,12.05,5,1.4%,84%,159.9,171,182,232.6,13.5
137,NYG,"Jaxson Dart",QB,4,14.11,14,-5.4%,33%,33.3,66,67,109.3,13.3
138,DET,"Aidan Hutchinson",DL,17,,8,-5.4%,20%,83.3,95,99,124,13.3
139,NO,"Spencer Rattler",QB,9,19.01,11,3.3%,29%,51.9,164,130,175.3,13.2
140,PIT,"Kaleb Johnson",RB,17,7.11,5,-1.3%,30%,119.6,168,164,240.9,13.1
141,GB,"Jayden Reed",WR,17,11.03,5,-0.7%,33%,129.5,153,185,251.7,13
142,HOU,"Will Anderson Jr.",DL,17,,6,-3.4%,24%,78.1,88,98,123,12.6
143,SEA,"Cooper Kupp",WR,17,10.04,8,1.5%,63%,149.3,175,168,246.6,12.3
144,TB,"Chris Godwin",WR,12,10.01,9,0.7%,58%,123.5,199,176,229.3,12.1
145,CHI,"Colston Loveland",TE,17,9.11,5,-1%,39%,136.1,158,170,261.9,12.1
146,CHI,"Jaquan Brisker",DB,17,,5,-1.5%,0%,79.5,115,114,153.4,11.6
147,HOU,"Christian Kirk",WR,17,13.10,6,0.3%,88%,151.6,150,181,223.8,11.5
148,WAS,"Zach Ertz",TE,17,13.05,12,-6.2%,52%,140.1,170,182,222,11.5
149,JAC,"Travis Etienne",RB,17,9.01,8,0.6%,71%,120.2,142,167,223.7,11.4
150,MIN,"Jordan Mason",RB,17,11.01,6,-3.5%,43%,134.6,134,158,235.9,11.2
151,NE,"Robert Spillane",LB,17,,14,6.7%,0%,100.9,132,134,161.4,11
152,KC,"Marquise Brown",WR,17,15.08,10,0.6%,69%,143.2,148,175,234,10.9
153,DEN,"J.K. Dobbins",RB,17,11.08,12,-3%,57%,120.5,150,161,220.2,10.8
154,WAS,"Austin Ekeler",RB,17,12.08,12,-3.9%,73%,113.9,158,168,201.1,10.6
155,MIN,"Andrew Van Ginkel",DL,17,,6,-3.3%,0%,73.1,74,97,113,10.6
156,GB,"Micah Parsons",DL,16,,5,-4.4%,27%,81.5,112,96,119.9,10.6
157,DEN,"Brandon Jones",DB,17,,12,7.7%,19%,82.9,118,109,152.8,10.3
158,LAR,"Kamren Kinchens",DB,17,,8,-0.6%,0%,79.1,50,113,147,10.3
159,ATL,"Kaden Elliss",LB,17,,5,-2.4%,0%,107,107,129,159.8,10
160,CIN,"Logan Wilson",LB,17,,10,-11.8%,25%,105.7,129,129,161.1,10
161,SF,"Brandon Aiyuk",WR,11,11.12,14,1.1%,44%,116.2,162,173,230.7,9.8
162,CLE,"Carson Schwesinger",LB,17,,9,-7.3%,38%,104,,127,164.9,9.8
163,MIA,"Jordyn Brooks",LB,17,,12,-7.1%,28%,111.2,137,131,150.4,9.6
164,CLE,"Myles Garrett",DL,17,,9,-7.3%,18%,73.8,103,90,117.1,9.5
165,NO,"Tyler Shough",QB,8,16.03,11,3.3%,24%,42.4,56,121,157.4,9.5
166,NYG,"Tyler Nubin",DB,17,,14,-8.3%,0%,83.7,81,112,139.5,9.4
167,LVR,"Maxx Crosby",DL,17,,8,10.4%,0%,69.7,118,89,120.7,9.3
168,SF,"Fred Warner",LB,17,,14,15.5%,0%,106.6,149,125,163.1,9
169,LAC,"Keenan Allen",WR,17,14.03,12,-0.8%,62%,123.2,153,160,243.1,8.9
170,CAR,"Derrick Brown",DL,17,,14,0.7%,21%,69.9,90,93,108.1,8.8
171,LAR,"Jared Verse",DL,17,,8,-0.6%,0%,75.5,91,88,114.2,8.8
172,CLE,"Grant Delpit",DB,17,,9,-7.3%,14%,83,109,111,138.3,8.8
173,LVR,"Jeremy Chinn",DB,17,,8,10.4%,25%,83.1,100,111,138.6,8.8
174,DAL,"Brandon Aubrey",K,17,14.07,10,-4.2%,7%,143.2,159,167,176.5,8.6
175,GB,"Romeo Doubs",WR,17,18.02,5,-0.7%,54%,135.3,139,165,226,8.3
176,TEN,"Chigoziem Okonkwo",TE,17,15.12,10,4.1%,25%,136.8,159,175,217.5,8.3
177,BUF,"Terrel Bernard",LB,17,,7,9%,0%,101.8,148,121,169.6,8.2
178,SEA,"Ernest Jones",LB,17,,8,-0.5%,0%,100.7,139,121,169.9,8
179,CLE,"Dillon Gabriel",QB,6,25.08,9,-5.1%,0%,22.8,44,91,118.6,7.9
180,CLE,"Cedric Tillman",WR,17,15.09,9,-2.2%,39%,119.6,152,153,246.8,7.9
181,SF,"Nick Bosa",DL,17,,14,15.5%,0%,73.4,97,87,110.1,7.8
182,CIN,"Trey Hendrickson",DL,17,,10,-11.8%,13%,69.5,79,91,105.2,7.8
183,HOU,"Jayden Higgins",WR,17,11.11,6,0.3%,24%,126.2,148,158,230.3,7.6
184,TEN,"Jeffery Simmons",DL,17,,10,10%,22%,69.7,73,89,107.2,7.6
185,DEN,"Denver Broncos",DEF,17,18.03,12,7.7%,0%,105.6,113,115,136.6,7.5
186,NE,"Hunter Henry",TE,17,14.01,14,1.6%,55%,144.5,161,166,220.9,7.4
187,PIT,"T.J. Watt",DL,16,,5,3.5%,18%,69.7,118,92,113.8,7.4
188,IND,"DeForest Buckner",DL,17,,11,9.6%,8%,64.5,95,90,105.7,7.4
189,ATL,"Kyle Pitts",TE,17,11.04,5,5.4%,62%,135,158,161,236.3,7.2
190,ATL,"Jessie Bates",DB,17,,5,-2.4%,0%,80.9,121,101,151.7,7.1
191,SEA,"Julian Love",DB,17,,8,-0.5%,0%,88.4,131,104,140.5,7.1
192,BUF,"Buffalo Bills",DEF,17,22.11,7,9%,0%,104.8,112,119,132.2,7
193,MIN,"Jonathan Greenard",DL,17,,6,-3.3%,0%,63,86,88,105.1,6.7
194,LVR,"Germaine Pratt",LB,17,,8,10.4%,0%,93.5,122,117,175.3,6.7
195,NE,"Rhamondre Stevenson",RB,17,12.02,14,3.7%,71%,121.1,132,139,206.1,6.6
196,TB,"Cade Otton",TE,17,16.06,9,-2.6%,70%,142,149,173,209.5,6.6
197,PIT,"DeShon Elliott",DB,17,,5,3.5%,0%,79.2,4,108,136.7,6.6
198,BAL,"Baltimore Ravens",DEF,17,19.02,7,4.4%,0%,104.5,109,115,135.5,6.4
199,CLE,"Quinshon Judkins",RB,17,7.08,9,0.1%,47%,75.2,123,145,224.1,6.3
200,SEA,"Nick Emmanwori",DB,17,,8,-0.5%,0%,68.5,,102,153.3,6.3
201,HOU,"Joe Mixon",RB,11,7.06,6,2.3%,85%,63.9,140,160,190.1,6.2
202,DEN,"Riley Moss",DB,17,,12,7.7%,0%,76.9,5,107,136.7,6.2
203,PIT,"Jonnu Smith",TE,17,11.07,5,3%,57%,132.7,151,160,231.8,5.7
204,CAR,"Xavier Legette",WR,17,16.04,14,2%,75%,113.7,138,154,221.3,5.6
205,DEN,"Marvin Mims Jr.",WR,17,13.04,12,-1.3%,17%,112.8,143,157,213.1,5.6
206,SEA,"Zach Charbonnet",RB,17,10.12,8,3.4%,45%,113.9,144,132,201.3,5.6
207,DAL,"Javonte Williams",RB,17,11.06,10,-3.2%,50%,82.8,137,138,212.5,5.5
208,HOU,"Houston Texans",DEF,17,19.10,6,-3.4%,0%,103.2,111,113,131.5,5.5
209,GB,"Green Bay Packers",DEF,17,24.05,5,-4.4%,0%,102.6,110,115,132.6,5.5
210,LAC,"Cameron Dicker",K,17,14.09,12,-0.9%,7%,138.8,158,161,172.7,5.5
211,NYJ,"Jamien Sherwood",LB,17,,9,6.5%,0%,99.9,,119,160.5,5.3
212,PIT,"Pittsburgh Steelers",DEF,17,18.08,5,3.5%,0%,102.6,111,109,135.3,5.3
213,BUF,"Joshua Palmer",WR,17,15.11,7,1.1%,52%,131.1,135,151,210.9,5.1
214,WAS,"Bobby Wagner",LB,16,,12,5.7%,15%,103.6,149,122,151.1,5.1
215,NYG,"Brian Burns",DL,16,,14,-8.3%,0%,70.3,81,88,105.5,5
216,KC,"Kansas City Chiefs",DEF,17,23.09,10,-9.1%,0%,99.6,104,110,129.2,5
217,TB,"Lavonte David",LB,17,,9,-2.2%,33%,100.2,130,122,152.8,4.9
218,NYG,"Wan'Dale Robinson",WR,17,16.05,14,-2.7%,50%,126.3,149,154,194.1,4.8
219,JAC,"Tank Bigsby",RB,17,12.10,8,0.6%,49%,102,113,131,215.8,4.7
220,LAR,"Quentin Lake",DB,17,,8,-0.6%,0%,78.7,81,105,131.1,4.7
221,SF,"San Francisco 49ers",DEF,17,19.08,14,15.5%,0%,100.4,99,112,128.2,4.7
222,HOU,"Danielle Hunter",DL,17,,6,-3.4%,7%,70.8,103,80,104.5,4.5
223,CHI,"T.J. Edwards",LB,17,,5,-1.5%,0%,97.8,148,122,152.9,4.5
224,WAS,"Jacory Croskey-Merritt",RB,17,13.01,12,-3.9%,51%,90.7,137,124,217.3,4.4
225,CHI,"Montez Sweat",DL,17,,5,-1.5%,16%,66.3,83,83,99.4,4.3
226,BAL,"Rashod Bateman",WR,17,13.11,7,1.2%,38%,127.7,143,145,206,4.1
227,BAL,"Isaiah Likely",TE,15,13.12,7,4.6%,35%,126.1,146,156,235.1,4.1
228,BUF,"Gregory Rousseau",DL,17,,7,9%,0%,64.1,70,82,101.8,4.1
229,TEN,"Tyjae Spears",RB,13,13.07,10,-0.4%,65%,91.8,124,139,187.7,4
230,JAC,"Josh Hines-Allen",DL,17,,8,4.6%,17%,64.1,101,80,104.9,3.9
231,CHI,"Luther Burden III",WR,17,13.02,5,0.5%,48%,104.8,107,150,229.1,3.8
232,PHI,"Philadelphia Eagles",DEF,17,18.01,9,-6.1%,0%,96.6,115,105,129.2,3.7
233,WAS,"Matt Gay",K,17,130.04,12,-3.1%,0%,135.7,150,154,172.7,3.6
234,PHI,"Jake Elliott",K,17,16.12,9,-4.2%,0%,138.3,151,155,170.9,3.6
235,LAC,"Quentin Johnston",WR,17,19.05,12,-0.8%,70%,110.2,104,153,215.8,3.4
236,CIN,"Mike Gesicki",TE,17,17.10,10,0.5%,63%,128.7,147,159,219.2,3.4
237,DET,"Jake Bates",K,17,14.08,8,-8.9%,7%,137.7,154,153,172.9,3.4
238,NYG,"Cameron Skattebo",RB,17,10.06,14,-4.6%,41%,83.6,114,133,199.1,3.3
239,KC,"Harrison Butker",K,17,17.02,10,-3.1%,0%,141,147,150,174,3.2
240,HOU,"Ka'imi Fairbairn",K,17,17.07,6,1.2%,0%,139.6,141,152,172.9,3
241,TB,"Rachaad White",RB,17,13.08,9,2.1%,54%,105.5,112,129,186.6,2.9
242,DAL,"Dallas Cowboys",DEF,17,28.03,10,-11%,0%,98.4,98,107,128.4,2.7
243,DET,"Jack Campbell",LB,17,,8,-5.4%,0%,95.3,123,111,166.2,2.6
244,KC,"Nick Bolton",LB,17,,10,-9.1%,24%,96.8,146,114,159.4,2.6
245,GB,"Brandon McManus",K,17,139.03,5,-2.2%,0%,137.4,147,153,171,2.6
246,NE,"Demario Douglas",WR,17,16.07,14,1.1%,37%,119.1,131,142,200,2.5
247,JAC,"Brenton Strange",TE,17,15.01,8,3.7%,22%,130.4,153,150,223.3,2.3
248,NYJ,"Braelon Allen",RB,17,14.02,9,5%,37%,102.6,96,115,217.9,2.3
249,CLE,"Jerome Ford",RB,17,15.04,9,0.1%,59%,82.4,130,118,201.3,2.2
250,DAL,"Jaydon Blue",RB,17,12.06,10,-3.2%,17%,86.6,104,122,208.5,2.2
251,CAR,"Jalen Coker",WR,13,19.11,14,2%,8%,99.2,143,148,193.9,2.1
252,SEA,"Devon Witherspoon",DB,17,,8,-0.5%,17%,79.3,124,99,128.8,2.1
253,NE,"Kyle Dugger",DB,17,,14,6.7%,0%,75.5,115,101,125.9,2
254,NYJ,"New York Jets",DEF,17,23.12,9,6.5%,0%,99.7,94,108,125.7,2
255,CAR,"Trevon Moehrig",DB,17,,14,0.7%,0%,80.4,89,100,125.6,1.9
256,MIN,"Minnesota Vikings",DEF,17,19.06,6,-3.3%,0%,96,102,104,128.4,1.7
257,ARI,"Michael Wilson",WR,17,20.11,8,0.9%,51%,119.8,128,141,190.3,1.6
258,JAC,"Bhayshul Tuten",RB,17,13.09,8,0.6%,37%,85.7,97,108,233.1,1.6
259,NO,"Alontae Taylor",DB,17,,11,7.4%,0%,70.4,80,94,140.8,1.5
260,NE,"Harold Landry",DL,17,,14,6.7%,8%,56.8,95,81,93.3,1.5
261,LAC,"Tre Harris",WR,17,13.03,12,-0.8%,54%,99.4,117,133,222.8,1.3
262,MIN,"Blake Cashman",LB,17,,6,-3.3%,0%,99,125,118,143.7,1.3
263,PIT,"Patrick Queen",LB,16,,5,3.5%,0%,98.7,133,118,142.2,1.1
264,HOU,"Dalton Schultz",TE,17,19.03,6,2.3%,51%,128.3,143,157,203.5,1
265,JAC,"Foyesade Oluokun",LB,17,,8,4.6%,0%,97.6,162,115,149.3,1
266,CIN,"Evan McPherson",K,17,17.06,10,-1.8%,0%,138.4,151,146,174.8,0.8
267,TB,"Chase McLaughlin",K,17,17.03,9,4.9%,0%,138.2,150,146,173.1,0.7
268,LAR,"Kobie Turner",DL,17,,8,-0.6%,0%,60.3,71,75,98,0.6
269,NYG,"Darius Slayton",WR,17,21.12,14,-2.7%,51%,113.7,112,137,195.8,0.4
270,CLE,"Dylan Sampson",RB,17,14.05,9,0.1%,34%,79.1,103,110,207.5,0.4
271,DAL,"DaRon Bland",DB,17,,10,-11%,0%,61.1,60,94,141,0.4
272,NYG,"Abdul Carter",DL,17,,14,-8.3%,18%,57.2,,73,102.7,0.4
273,NYG,"Dexter Lawrence",DL,16,,14,-8.3%,16%,58.8,68,78,102,0.2
274,BAL,"Tyler Loop",K,17,17.05,7,-5.4%,0%,134,143,147,175.3,0.2
275,NO,"Juwan Johnson",TE,17,21.01,11,0.7%,36%,129.9,139,148,215.6,0.1
276,LVR,"Christian Wilkins",DL,17,,8,10.4%,0%,53.1,91,71,106.2,0.1
277,PIT,"Pat Freiermuth",TE,17,16.02,5,3%,72%,126.8,140,147,219.7,0
278,WAS,"Mike Sainristil",DB,17,,12,5.7%,0%,73.5,50,98,122.6,0
279,MIA,"Zach Sieler",DL,17,,12,-7.1%,0%,60.5,80,76,90.8,0
280,HOU,"Azeez Al-Shaair",LB,17,,6,-3.4%,0%,98,130,117,139.9,0
281,TEN,"Cody Barton",LB,17,,10,10%,0%,96.4,95,118,138.8,0
282,SEA,"Seattle Seahawks",DEF,17,23.02,8,-0.5%,0%,93,99,103,125,0
283,SF,"Russell Gage",WR,1,108.07,14,1.1%,35%,2.1,6,2,2.1,0
284,JAC,"Cam Little",K,17,16.11,8,3.7%,0%,134.4,141,153,169.5,0
285,LAR,"Los Angeles Rams",DEF,17,24.03,8,-0.6%,0%,93.6,99,103,125.5,-0.1
286,MIA,"Ashtyn Davis",DB,17,,12,-7.1%,0%,100.3,,100,100.3,-0.1
287,HOU,"Nick Chubb",RB,17,12.12,6,2.3%,31%,87.2,110,103,200.1,-0.2
288,TB,"Calijah Kancey",DL,17,,9,-2.2%,19%,51.1,44,73,102.3,-0.2
289,IND,"Alec Pierce",WR,17,20.04,11,-0.9%,63%,118.1,109,124,211.3,-0.3
290,MIN,"Josh Metellus",DB,17,,6,-3.3%,0%,76.1,104,91,131.4,-0.5
291,ATL,"Ray-Ray McCloud",WR,17,25.11,5,1.4%,0%,110.4,99,147,172.2,-0.6
292,MIA,"Darren Waller",TE,17,17.08,12,2.4%,66%,92.1,147,146,233.9,-0.6
293,NE,"Kyle Williams",WR,17,14.06,14,1.1%,11%,102.7,100,128,213.2,-0.7
294,NE,"New England Patriots",DEF,17,23.08,14,6.7%,0%,92.3,90,103,122,-0.7
295,ARI,"Jalen Thompson",DB,17,,8,8.2%,0%,72,92,90,135,-0.8
296,DEN,"Wil Lutz",K,17,25.01,12,-1.7%,0%,137.6,145,146,172.8,-0.8
297,MIA,"Minkah Fitzpatrick",DB,17,,12,-7.1%,32%,73.7,128,87,138.7,-0.9
298,GB,"Xavier McKinney",DB,17,,5,-4.4%,0%,73.4,100,92,128.5,-1
299,DET,"Detroit Lions",DEF,17,22.12,8,-5.4%,0%,91.9,102,101,126.3,-1
300,BUF,"Ray Davis",RB,17,14.04,7,-1.9%,41%,88.6,98,102,197.6,-1
301,WAS,"Frankie Luvu",LB,16,,12,5.7%,20%,95.9,129,114,142.7,-1.1
302,CAR,"Ja'Tavion Sanders",TE,17,19.12,14,1%,50%,113.9,126,136,246.7,-1.2
303,GB,"Quay Walker",LB,17,,5,-4.4%,0%,91.1,120,114,144.6,-1.3
304,ARI,"Josh Sweat",DL,17,,8,8.2%,0%,52.6,57,73,94.9,-1.3
305,ARI,"Trey Benson",RB,17,12.09,8,4.7%,29%,85.1,108,93,203.6,-1.4
306,ATL,"Tyler Allgeier",RB,17,15.02,5,5.6%,37%,86,100,99,195.7,-1.4
307,DEN,"Zach Allen",DL,17,,12,7.7%,0%,59.3,67,69,97.8,-1.4
308,DEN,"Alex Singleton",LB,17,,12,7.7%,0%,66.4,149,111,165.9,-1.4
309,LAC,"Najee Harris",RB,16,12.03,12,-3.4%,56%,79.7,104,100,193.3,-1.5
310,NYG,"New York Giants",DEF,17,23.05,14,-8.3%,0%,91,104,99,123.6,-1.5
311,MIN,"Adam Thielen",WR,17,15.03,6,-0.6%,75%,103.2,119,131,177.7,-1.7
312,DEN,"Troy Franklin",WR,17,22.06,12,-1.3%,10%,93.1,86,115,237.9,-1.7
313,JAC,"Travon Walker",DL,17,,8,4.6%,20%,58.5,63,69,96.3,-1.7
314,TB,"Tampa Bay Buccaneers",DEF,17,22.08,9,-2.2%,0%,92.1,98,102,120.7,-1.7
315,CLE,"Cleveland Browns",DEF,17,34.09,9,-7.3%,0%,93.1,95,101,123.5,-1.7
316,NYG,"Bobby Okereke",LB,16,,14,-8.3%,0%,90.5,149,107,159.8,-1.8
317,BUF,"Taylor Rapp",DB,17,,7,9%,0%,70.3,98,94,121.8,-1.8
318,BUF,"Taron Johnson",DB,17,,7,9%,0%,73.3,99,92,123.7,-1.8
319,DEN,"Jonathon Cooper",DL,17,,12,7.7%,0%,58.1,72,73,87.2,-1.9
320,TB,"Yaya Diaby",DL,17,,9,-2.2%,0%,57.1,74,71,91.3,-2.1
321,PHI,"Reed Blankenship",DB,17,,9,-6.1%,0%,66.4,111,83,145.2,-2.1
322,LAR,"Omar Speights",LB,17,,8,-0.6%,0%,84.6,,113,146.7,-2.1
323,IND,"Indianapolis Colts",DEF,17,33.05,11,9.6%,0%,87.7,94,96,121.5,-2.1
324,HOU,"Jalen Pitre",DB,17,,6,-3.4%,27%,71.5,114,95,118.3,-2.2
325,MIA,"Ollie Gordon II",RB,17,15.06,12,2.8%,0%,70.3,90,86,224.7,-2.3
326,BAL,"Justice Hill",RB,17,19.09,7,-4.3%,33%,89.9,90,117,147.2,-2.4
327,NYG,"Theo Johnson",TE,17,20.06,14,-5.9%,28%,118.3,131,139,225.4,-2.4
328,PHI,"Nolan Smith",DL,17,,9,-6.1%,11%,56.5,27,67,96.4,-2.4
329,BAL,"Marlon Humphrey",DB,17,,7,4.4%,32%,65.7,90,94,122,-2.4
330,SEA,"Leonard Williams",DL,17,,8,-0.5%,32%,57.8,62,72,86.7,-2.5
331,DEN,"Nik Bonitto",DL,17,,12,7.7%,0%,58,50,72,87,-2.5
332,MIA,"Bradley Chubb",DL,17,,12,-7.1%,30%,48,48,74,88.7,-2.5
333,DET,"Kerby Joseph",DB,17,,8,-5.4%,0%,75.6,97,89,124.5,-2.6
334,TEN,"Tyler Lockett",WR,17,20.05,10,1.2%,43%,101.2,115,118,191.9,-2.7
335,ATL,"Divine Deablo",LB,17,,5,-2.4%,28%,85.1,97,112,145.5,-2.8
336,BAL,"Malaki Starks",DB,17,,7,4.4%,0%,66.2,,88,132.3,-2.8
337,MIN,"Jonathan Allen",DL,17,,6,-3.3%,45%,53.5,66,71,89.1,-2.9
338,LVR,"Daniel Carlson",K,17,110.10,8,-3.6%,0%,136.7,138,147,167.6,-2.9
339,PIT,"Alex Highsmith",DL,16,,5,3.5%,0%,54.8,79,75,90.1,-3
340,CAR,"D.J. Wonnum",DL,17,,14,0.7%,0%,56.6,65,71,84.8,-3.1
341,CIN,"Cam Taylor-Britt",DB,17,,10,-11.8%,0%,71.1,95,84,133.8,-3.1
342,WAS,"Washington Commanders",DEF,17,18.11,12,5.7%,0%,87.4,101,96,120,-3.2
343,TEN,"Xavier Woods",DB,17,,10,10%,0%,65.1,84,93,117.2,-3.7
344,ARI,"Chad Ryland",K,17,99.03,8,4.2%,0%,133.6,142,144,169.6,-3.7
345,JAC,"Jacksonville Jaguars",DEF,17,34.01,8,4.6%,0%,87.7,83,96,117.6,-3.8
346,MIA,"Tyrel Dodson",LB,17,,12,-7.1%,0%,114.9,88,115,114.9,-3.8
347,CIN,"Daxton Hill",DB,17,,10,-11.8%,0%,68.5,97,91,118.7,-3.9
348,DEN,"Dre Greenlaw",LB,17,,12,7.7%,40%,73.1,45,104,164.9,-3.9
349,CAR,"Rico Dowdle",RB,17,16.09,14,3.4%,25%,73.1,100,91,178.1,-4
350,PHI,"Cooper DeJean",DB,17,,9,-6.1%,0%,69.5,49,83,132.5,-4
351,DEN,"Pat Bryant",WR,17,18.07,12,-1.3%,0%,83.9,95,108,215.1,-4.1
352,LVR,"Malcolm Koonce",DL,17,,8,10.4%,0%,49.2,79,67,91.1,-4.1
353,BUF,"Tyler Bass",K,17,21.08,7,3.7%,0%,132.5,155,140,171.6,-4.2
354,NO,"Carl Granderson",DL,17,,11,7.4%,0%,55.3,82,69,83,-4.3
355,SEA,"Tyrice Knight",LB,17,,8,-0.5%,0%,84,,110,143.6,-4.4
356,NYG,"Jevon Holland",DB,17,,14,-8.3%,25%,64.6,109,81,137.3,-4.4
357,GB,"Nate Hobbs",DB,17,,5,-4.4%,0%,67,104,84,129.9,-4.4
358,CHI,"Chicago Bears",DEF,17,34.12,5,-1.5%,0%,87,97,94,118.9,-4.4
359,GB,"Dontayvion Wicks",WR,17,24.06,5,-0.7%,63%,86,78,115,205.2,-4.5
360,CHI,"Roschon Johnson",RB,17,18.10,5,-3.4%,30%,64.5,80,90,185.3,-4.7
361,LVR,"Amari Cooper",WR,17,20.03,8,-0.8%,39%,88,110,109,192.3,-4.7
362,ATL,"Xavier Watts",DB,17,,5,-2.4%,0%,93,,93,93,-4.7
363,PIT,"Chris Boswell",K,17,17.01,5,-4%,0%,134.7,140,143,167.7,-4.7
364,JAC,"Dyami Brown",WR,17,21.11,8,-1.2%,25%,101.1,98,111,185.6,-4.9
365,IND,"Kenny Moore",DB,17,,11,9.6%,0%,67.7,100,83,128.1,-4.9
366,CHI,"Dayo Odeyingbo",DL,17,,5,-1.5%,0%,44.6,57,56,111.4,-4.9
367,SF,"Brian Robinson Jr.",RB,17,9.04,14,4.4%,91%,65.6,75,73,218.7,-5
368,ARI,"Arizona Cardinals",DEF,17,46.12,8,8.2%,0%,86.5,96,94,113.7,-5
369,ATL,"Younghoe Koo",K,17,17.04,5,7.4%,0%,132.2,144,142,169.2,-5
370,SEA,"Tory Horton",WR,17,21.09,8,1.5%,31%,82.3,109,98,211.7,-5.2
371,KC,"Kareem Hunt",RB,17,17.11,10,-1%,45%,68.1,83,82,191.3,-5.2
372,GB,"Rashan Gary",DL,17,,5,-4.4%,17%,53.3,81,63,91.9,-5.2
373,NE,"Carlton Davis",DB,17,,14,6.7%,30%,66.8,74,89,115.8,-5.2
374,LAC,"Los Angeles Chargers",DEF,17,27.06,12,11.4%,0%,84.8,98,92,112.5,-5.2
375,LAR,"Joshua Karty",K,17,133.02,8,4.3%,0%,133,142,143,168.7,-5.3
376,PIT,"Cameron Heyward",DL,16,,5,3.5%,9%,53.8,96,71,87.8,-5.4
377,KC,"George Karlaftis",DL,17,,10,-9.1%,0%,54.3,75,65,84,-5.4
378,NE,"Christian Barmore",DL,17,,14,6.7%,0%,49.5,66,65,88.5,-5.4
379,TEN,"Amani Hooker",DB,17,,10,10%,0%,70.6,87,88,114.7,-5.4
380,TEN,"L'Jarius Sneed",DB,17,,10,10%,0%,70.6,96,88,114.7,-5.4
381,LAC,"Khalil Mack",DL,17,,12,11.4%,8%,55.4,101,63,86.9,-5.6
382,NYJ,"Quincy Williams",LB,17,,9,6.5%,0%,91.9,127,104,144,-5.7
383,MIN,"Harrison Smith",DB,17,,6,-3.3%,13%,69.1,111,84,122.3,-5.7
384,LAR,"Byron Young",DL,17,,8,-0.6%,0%,52.6,78,64,86.6,-5.7
385,NYG,"Paulson Adebo",DB,17,,14,-8.3%,0%,64,97,85,123.7,-5.7
386,IND,"Camryn Bynum",DB,17,,11,9.6%,0%,68,128,87,116,-5.8
387,DAL,"Miles Sanders",RB,17,21.04,10,-3.2%,37%,69,59,84,191,-5.9
388,GB,"Keisean Nixon",DB,17,,5,-4.4%,0%,66.3,80,88,114.9,-5.9
389,DAL,"Donovan Wilson",DB,17,,10,-11%,0%,67.6,111,84,122.5,-5.9
390,LAC,"Tuli Tuipulotu",DL,17,,12,11.4%,0%,53.9,56,62,87.3,-6
391,GB,"Christian Watson",WR,9,26.06,5,-0.7%,38%,36.1,59,48,96.3,-6.3
392,NO,"Kendre Miller",RB,17,22.07,11,6.9%,68%,64.8,80,81,178.3,-6.3
393,TB,"Zyon McCollum",DB,17,,9,-2.2%,0%,68.4,86,83,121,-6.4
394,LAR,"Braden Fiske",DL,17,,8,-0.6%,0%,55.6,57,63,82.1,-6.5
395,LAR,"Blake Corum",RB,17,18.05,8,2.6%,32%,61.6,61,77,195.5,-6.6
396,WAS,"Jartavius Martin",DB,17,,12,5.7%,0%,65.1,45,81,126.2,-6.6
397,DEN,"Talanoa Hufanga",DB,17,,12,7.7%,39%,65.6,62,82,122.9,-6.6
398,WAS,"Chris Rodriguez",RB,17,114.01,12,-3.9%,28%,68.7,61,73,197.4,-6.7
399,NYJ,"Mason Taylor",TE,17,15.07,9,5.1%,39%,107.7,139,130,206.3,-6.7
400,KC,"Brashard Smith",RB,17,21.06,10,-1%,17%,55.9,32,80,211.6,-6.7
401,CAR,"A'Shawn Robinson",DL,17,,14,0.7%,0%,53.2,61,66,76.4,-6.7
402,BUF,"Matt Milano",LB,16,,7,9%,23%,71.5,10,107,145.1,-6.7
403,MIA,"Jaylen Wright",RB,14,16.10,12,2.8%,32%,49.4,85,77,185.3,-6.8
404,TEN,"Elic Ayomanor",WR,17,19.04,10,1.2%,8%,71,88,89,226.2,-6.8
405,ATL,"Leonard Floyd",DL,17,,5,-2.4%,17%,51.7,65,65,77.5,-6.8
406,IND,"Kwity Paye",DL,17,,11,9.6%,61%,49.5,66,58,92.2,-6.9
407,KC,"Chris Jones",DL,17,,10,-9.1%,7%,44.2,67,53,105.2,-7
408,TB,"Jalen McMillan",WR,9,18.06,9,0.7%,49%,44,53,52,89.5,-7.1
409,BAL,"DeAndre Hopkins",WR,17,19.07,7,1.2%,33%,96.7,102,107,161.1,-7.1
410,MIN,"Ivan Pace Jr.",LB,17,,6,-3.3%,0%,79.6,114,105,141.4,-7.2
411,NE,"Milton Williams",DL,17,,14,6.7%,0%,42.4,,53,106.1,-7.2
412,HOU,"Jo'Quavious Marks",RB,17,18.04,6,2.3%,0%,62.8,57,79,180.6,-7.3
413,CHI,"Kyler Gordon",DB,17,,5,-1.5%,0%,64.3,4,86,111.4,-7.3
414,DAL,"Jack Sanborn",LB,17,,10,-11%,0%,61.1,,91,182.4,-7.3
415,ARI,"Zaven Collins",DL,17,,8,8.2%,0%,53.9,45,64,74.5,-7.6
416,IND,"Laiatu Latu",DL,17,,11,9.6%,12%,46.9,69,55,96.6,-7.7
417,NO,"Chase Young",DL,17,,11,7.4%,8%,46.7,47,55,96.2,-7.7
418,TEN,"Tennessee Titans",DEF,17,27.02,10,10%,0%,82.5,80,91,109.7,-7.7
419,DET,"Isaac TeSlaa",WR,17,17.12,8,1%,0%,65.3,82,87,224.7,-7.8
420,MIA,"Miami Dolphins",DEF,17,27.03,12,-7.1%,0%,83.9,92,92,112.5,-7.9
421,NYG,"Micah McFadden",LB,16,,14,-8.3%,0%,79.4,94,104,141,-8
422,JAC,"Tyson Campbell",DB,17,,8,4.6%,0%,63.4,93,79,122.8,-8
423,LAR,"Kamren Curl",DB,17,,8,-0.6%,0%,64,125,85,110.9,-8
424,MIA,"Malik Washington",WR,17,26.02,12,2.9%,0%,72.4,77,99,194.3,-8.1
425,PHI,"Jalen Carter",DL,17,,9,-6.1%,11%,53.3,47,59,81.1,-8.2
426,KC,"Charles Omenihu",DL,17,,10,-9.1%,0%,53.7,,63,72.6,-8.2
427,LAR,"Tutu Atwell",WR,17,24.11,8,0.4%,23%,84.5,98,96,173.8,-8.4
428,CHI,"Kyle Monangai",RB,17,20.08,5,-3.4%,0%,60.9,52,66,195.3,-8.4
429,PIT,"Darius Slay",DB,17,,5,3.5%,62%,60.9,81,87,106.2,-8.4
430,GB,"MarShawn Lloyd",RB,13,23.03,5,-0.4%,91%,49,70,78,164.1,-8.5
431,SF,"Isaac Guerendo",RB,17,15.05,14,4.4%,58%,49.6,54,56,219.6,-8.5
432,PIT,"Kenneth Gainwell",RB,17,33.08,5,-1.3%,17%,58.1,56,78,166.7,-8.5
433,CLE,"Denzel Ward",DB,17,,9,-7.3%,78%,59.5,63,85,110.5,-8.5
434,CIN,"Andrei Iosivas",WR,17,23.06,10,0.4%,6%,82.1,93,98,171,-8.6
435,IND,"Adonai Mitchell",WR,17,22.10,11,-0.9%,9%,70.1,71,78,233.7,-8.6
436,NE,"Kayshon Boutte",WR,17,24.10,14,1.1%,0%,70.9,84,109,163.5,-8.6
437,NYJ,"Josh Reynolds",WR,17,26.04,9,3%,29%,69.8,91,104,167.7,-8.7
438,HOU,"Jaylin Noel",WR,17,20.10,6,0.3%,8%,72.4,69,97,193,-8.7
439,CIN,"Jordan Battle",DB,17,,10,-11.8%,0%,50.6,102,84,118,-8.7
440,CAR,"Nick Scott",DB,17,,14,0.7%,0%,86.9,,87,86.9,-8.7
441,KC,"Trent McDuffie",DB,17,,10,-9.1%,0%,62.7,90,78,121.5,-8.8
442,HOU,"Kamari Lassiter",DB,17,,6,-3.4%,0%,62.7,27,78,121.5,-8.8
443,NO,"New Orleans Saints",DEF,17,27.08,11,7.4%,0%,84.8,80,93,112.8,-8.8
444,PHI,"Jalyx Hunt",DL,17,,9,-6.1%,0%,37.4,13,50,104.6,-8.9
445,PHI,"Will Shipley",RB,17,18.12,9,-2.8%,18%,56,56,66,184.4,-9
446,SEA,"Jason Myers",K,17,109.10,8,5.7%,0%,131.8,130,140,165.4,-9
447,NYJ,"Will McDonald",DL,17,,9,6.5%,6%,45,39,56,87.2,-9.1
448,LVR,"Dont'e Thornton Jr.",WR,17,17.09,8,-0.8%,0%,64.7,90,86,202.6,-9.1
449,HOU,"Dameon Pierce",RB,17,25.04,6,2.3%,36%,49.1,47,66,190,-9.2
450,SF,"Deommodore Lenoir",DB,17,,14,15.5%,0%,58.7,54,84,109,-9.2
451,GB,"Javon Bullard",DB,17,,5,-4.4%,0%,59,85,79,118.1,-9.2
452,NO,"Justin Reid",DB,17,,11,7.4%,0%,63.4,95,83,108.5,-9.2
453,SF,"Jake Moody",K,17,101.01,14,7.2%,0%,118.3,147,139,171.2,-9.2
454,MIN,"Dallas Turner",DL,17,,6,-3.3%,0%,35.8,58,51,102.3,-9.3
455,MIN,"Byron Murphy",DB,17,,6,-3.3%,0%,86.3,93,86,86.3,-9.3
456,NYG,"Kayvon Thibodeaux",DL,16,,14,-8.3%,16%,52.4,79,62,83.2,-9.4
457,DET,"D.J. Reed",DB,17,,8,-5.4%,0%,63.1,89,84,105.2,-9.4
458,BAL,"Mike Green",DL,17,,7,4.4%,17%,34.2,,51,102,-9.4
459,NYJ,"Quinnen Williams",DL,17,,9,6.5%,18%,40.3,82,50,100.7,-9.5
460,HOU,"Derek Stingley",DB,17,,6,-3.4%,30%,55.8,82,74,130.3,-9.5
461,CIN,"Tahj Brooks",RB,17,21.10,10,-0.7%,0%,47.2,68,63,179.5,-9.5
462,WAS,"Noah Brown",WR,17,30.06,12,-0.2%,0%,70,95,87,187.2,-9.6
463,TB,"Haason Reddick",DL,17,,9,-2.2%,7%,43.1,49,54,88.8,-9.6
464,ATL,"Atlanta Falcons",DEF,17,47.01,5,-2.4%,0%,83,82,91,110.4,-9.6
465,CIN,"Joseph Ossai",DL,17,,10,-11.8%,7%,45.8,,52,91.2,-9.7
466,GB,"Evan Williams",DB,17,,5,-4.4%,0%,58.7,,84,105.6,-9.8
467,DAL,"Osa Odighizuwa",DL,17,,10,-11%,0%,50.4,46,57,77.3,-9.8
468,CIN,"Samaje Perine",RB,17,28.05,10,-0.7%,35%,60.2,61,86,124.6,-9.8
469,CHI,"Cairo Santos",K,17,120.04,5,-7.4%,0%,132,129,142,167.4,-9.9
470,MIA,"Ifeatu Melifonwu",DB,17,,12,-7.1%,0%,84.8,,85,84.8,-10
471,PIT,"Calvin Austin III",WR,17,22.03,5,1.9%,29%,75.3,112,94,148.7,-10.1
472,PIT,"Roman Wilson",WR,17,22.09,5,1.9%,13%,71.3,77,95,172.9,-10.1
473,MIA,"Nick Westbrook-Ikhine",WR,17,26.12,12,2.9%,0%,72.2,94,90,171.5,-10.1
474,BAL,"Justin Madubuike",DL,17,,7,4.4%,0%,46.4,69,54,83.5,-10.1
475,NE,"Christian Gonzalez",DB,17,,14,6.7%,29%,56.5,89,75,124.3,-10.1
476,IND,"DJ Giddens",RB,17,20.01,11,0.8%,20%,54.4,44,65,174.8,-10.2
477,CHI,"Tyrique Stevenson",DB,17,,5,-1.5%,0%,51.2,101,79,118.1,-10.2
478,CHI,"Tremaine Edmunds",LB,17,,5,-1.5%,27%,86.1,108,101,131.7,-10.2
479,NYJ,"Brandon Stephens",DB,17,,9,6.5%,0%,65.6,86,82,102.4,-10.3
480,LVR,"Las Vegas Raiders",DEF,17,33.09,8,10.4%,0%,78.9,85,87,107.5,-10.3
481,MIN,"Will Reichard",K,17,101.09,6,-4.9%,0%,127.4,144,134,169,-10.3
482,LVR,"Jack Bech",WR,17,15.10,8,-0.8%,43%,72.4,45,103,173.8,-10.4
483,KC,"Chamarri Conner",DB,17,,10,-9.1%,0%,42.7,,85,111.1,-10.5
484,KC,"Michael Danna",DL,17,,10,-9.1%,0%,44.9,62,56,78.6,-10.5
485,NYJ,"Isaiah Davis",RB,17,27.12,9,5%,0%,54.5,24,59,195.6,-10.6
486,NYJ,"Tony Adams",DB,17,,9,6.5%,0%,57.8,91,83,103.3,-10.6
487,BAL,"Keaton Mitchell",RB,17,20.09,7,-4.3%,19%,51.7,57,57,178.2,-10.7
488,PIT,"Joey Porter Jr.",DB,17,,5,3.5%,0%,60.6,65,81,105,-10.7
489,SEA,"Boye Mafe",DL,17,,8,-0.5%,0%,45.3,77,58,73.2,-10.7
490,BUF,"Christian Benford",DB,17,,7,9%,0%,58,64,77,116,-10.7
491,IND,"Charvarius Ward",DB,17,,11,9.6%,36%,58,86,77,116,-10.7
492,CLE,"Mason Graham",DL,17,,9,-7.3%,9%,50.3,,56,72.6,-10.8
493,SF,"Renardo Green",DB,17,,14,15.5%,0%,63,38,79,106.3,-10.9
494,TB,"Sean Tucker",RB,17,22.01,9,2.1%,23%,50.2,45,67,160.7,-11
495,IND,"JT Tuimoloau",DL,17,,11,9.6%,0%,40.4,,50,90.8,-11.1
496,JAC,"Parker Washington",WR,17,33.06,8,-1.2%,0%,77.4,54,86,184.9,-11.2
497,NE,"Antonio Gibson",RB,17,31.08,14,3.7%,19%,61.6,60,68,139,-11.2
498,LAC,"Tarheeb Still",DB,17,,12,11.4%,0%,56.4,,81,104.8,-11.2
499,TEN,"Jarvis Brownlee Jr.",DB,17,,10,10%,0%,57.5,,82,102.6,-11.2
500,BAL,"Odafe Oweh",DL,17,,7,4.4%,0%,46.9,56,55,74.5,-11.3
501,NE,"Craig Woodson",DB,17,,14,6.7%,0%,82.6,,83,82.6,-11.3
502,CHI,"Cole Kmet",TE,17,21.02,5,-1%,38%,104.8,99,126,202,-11.4
503,MIN,"Jalen Nailor",WR,17,25.07,6,-0.6%,0%,77.4,73,97,147.1,-11.4
504,KC,"Jalen Royals",WR,15,21.05,10,0.6%,37%,54.8,62,71,222.1,-11.5
505,SEA,"Uchenna Nwosu",DL,17,,8,-0.5%,11%,43.9,78,56,73.1,-11.6
506,TEN,"Arden Key",DL,17,,10,10%,0%,45,43,55,73.6,-11.6
507,CIN,"Cincinnati Bengals",DEF,17,47.02,10,-11.8%,0%,77.8,94,86,105.2,-11.6
508,NO,"Devaughn Vele",WR,17,26.08,11,-1%,0%,73.1,65,91,164.4,-11.7
509,CAR,"Carolina Panthers",DEF,17,47.03,14,0.7%,0%,80.6,79,89,107.2,-11.7
510,CAR,"Trevin Wallace",LB,17,,14,0.7%,0%,74.8,53,98,137.8,-11.8
511,KC,"Kristian Fulton",DB,17,,10,-9.1%,0%,55.1,65,79,106.4,-11.8
512,BUF,"Ed Oliver",DL,17,,7,9%,0%,37,60,48,91.2,-11.9
513,PIT,"Derrick Harmon",DL,16,,5,3.5%,0%,42.6,,53,90.5,-11.9
514,WAS,"Will Harris",DB,17,,12,5.7%,0%,56,61,80,104,-11.9
515,JAC,"Devin Lloyd",LB,17,,8,4.6%,0%,76.9,119,99,132.2,-12
516,BUF,"Ty Johnson",RB,17,26.09,7,-1.9%,21%,57.3,68,64,128.8,-12.1
517,CAR,"Trevor Etienne",RB,17,24.02,14,3.4%,19%,44.9,43,62,157.7,-12.1
518,NO,"Demario Davis",LB,17,,11,7.4%,10%,77.7,107,97,136,-12.1
519,CIN,"Myles Murphy",DL,17,,10,-11.8%,0%,30.2,27,38,113.1,-12.2
520,BUF,"Cole Bishop",DB,17,,7,9%,0%,38.9,50,78,116.8,-12.3
521,TEN,"Van Jefferson",WR,17,65.07,10,1.2%,13%,73.9,60,88,163.5,-12.3
522,TB,"Vita Vea",DL,17,,9,-2.2%,24%,45.1,3,56,67.7,-12.4
523,BUF,"Curtis Samuel",WR,17,32.05,7,1.1%,45%,61.4,69,85,168.9,-12.5
524,ARI,"Walter Nolen",DL,17,,8,8.2%,0%,37,,49,86.4,-12.5
525,LVR,"Isaiah Pola-Mao",DB,17,,8,10.4%,0%,81.3,,81,81.3,-12.6
526,LAR,"Jarquez Hunter",RB,17,21.07,8,2.6%,0%,45.5,41,54,160.7,-12.8
527,GB,"Lukas Van Ness",DL,17,,5,-4.4%,6%,40.4,52,50,80.8,-12.8
528,DAL,"Kenneth Murray",LB,17,,10,-11%,26%,79.4,85,97,130.6,-12.8
529,IND,"Spencer Shrader",K,17,83.04,11,2.8%,0%,121.8,5,130,160.7,-12.9
530,DAL,"Phil Mafah",RB,13,29.01,10,-3.2%,0%,30.2,40,58,162.4,-13
531,NE,"Mack Hollins",WR,17,122.03,14,1.1%,6%,79.8,31,91,158.7,-13.2
532,CLE,"Harold Fannin Jr.",TE,17,22.04,9,2.3%,19%,85.5,97,107,237.3,-13.2
533,KC,"Bryan Cook",DB,17,,10,-9.1%,0%,54.6,67,78,101.4,-13.2
534,JAC,"Eric Murray",DB,17,,8,4.6%,0%,54.8,,78,101.8,-13.2
535,CHI,"Gervon Dexter",DL,17,,5,-1.5%,0%,45.6,,54,66.3,-13.2
536,BUF,"Damar Hamlin",DB,17,,7,9%,0%,19.9,57,80,119.3,-13.3
537,CLE,"Ronnie Hickman",DB,17,,9,-7.3%,0%,80.4,,80,80.4,-13.3
538,LAC,"Cam Hart",DB,17,,12,11.4%,0%,79.7,,80,79.7,-13.3
539,DAL,"KaVontae Turpin",WR,17,25.09,10,-3.2%,0%,66.9,65,89,147.2,-13.4
540,SF,"Demarcus Robinson",WR,14,29.02,14,1.1%,0%,56.4,74,66,192.3,-13.5
541,CHI,"Olamide Zaccheaus",WR,17,78.06,5,0.5%,5%,56.1,45,72,197.8,-13.6
542,CLE,"Jamari Thrash",WR,17,118.10,9,-2.2%,0%,56.9,73,76,166.8,-13.8
543,NYG,"Devin Singletary",RB,17,28.10,14,-4.6%,36%,54.1,52,60,120.2,-13.8
544,NO,"Brandin Cooks",WR,17,27.07,11,-1%,36%,62.2,67,80,155.5,-14
545,UNS,"Mecole Hardman",WR,17,103.05,18,-,7%,47.6,,60,187.4,-14
546,GB,"Christopher Brooks",RB,17,145.06,5,-0.4%,0%,37.5,24,52,161.6,-14.1
547,LAR,"Jordan Whittington",WR,17,24.08,8,0.4%,0%,60.2,76,77,155,-14.2
548,UNS,"Gabriel Davis",WR,17,35.01,18,-,31%,64.3,53,80,160.8,-14.3
549,DET,"Alex Anzalone",LB,17,,8,-5.4%,0%,81.4,117,96,124.4,-14.3
550,KC,"Drue Tranquill",LB,17,,10,-9.1%,0%,77.5,108,95,127.6,-14.5
551,SEA,"DeMarcus Lawrence",DL,17,,8,-0.5%,0%,35.4,65,54,65.3,-14.5
552,TB,"Jamel Dean",DB,17,,9,-2.2%,31%,53,67,76,98.3,-14.6
553,NE,"Marcus Jones",DB,17,,14,6.7%,0%,53.2,,76,98.8,-14.6
554,WAS,"Jonathan Jones",DB,17,,12,5.7%,0%,53,,76,98.4,-14.6
555,DAL,"Jalen Tolbert",WR,17,28.04,10,-3.2%,0%,49.3,95,76,144.2,-14.7
556,CLE,"Alex Wright",DL,17,,9,-7.3%,0%,53.4,,53,53.4,-14.8
557,HOU,"Henry To'oto'o",LB,17,,6,-3.4%,0%,67.6,4,85,152.1,-14.9
558,DET,"Za'Darius Smith",DL,17,,8,-5.4%,0%,34.5,67,46,78.1,-15
559,DAL,"Sam Williams",DL,17,,10,-11%,0%,32.1,,43,85.7,-15
560,NE,"Keion White",DL,17,,14,6.7%,0%,26.5,30,44,88.4,-15
561,CIN,"Geno Stone",DB,17,,10,-11.8%,0%,46.7,79,72,107.9,-15.1
562,BUF,"A.J. Epenesa",DL,17,,7,9%,0%,37.4,46,50,67.3,-15.1
563,CAR,"Michael Jackson",DB,17,,14,0.7%,0%,46.6,4,72,107.6,-15.1
564,SF,"Ji'ayir Brown",DB,17,,14,15.5%,0%,51.8,81,74,99.8,-15.2
565,IND,"Xavien Howard",DB,17,,11,9.6%,0%,77.1,,77,77.1,-15.3
566,KC,"JuJu Smith-Schuster",WR,17,120.06,10,0.6%,75%,45.8,49,57,205.9,-15.4
567,WAS,"Daron Payne",DL,16,,12,5.7%,21%,37.2,54,46,88.3,-15.4
568,WAS,"Dorance Armstrong",DL,16,,12,5.7%,0%,37.7,74,47,84.8,-15.4
569,LVR,"Tre Tucker",WR,17,27.05,8,-0.8%,0%,61.4,72,67,156.7,-15.5
570,SF,"Jordan James",RB,17,24.01,14,4.4%,0%,32.6,9,40,174.3,-15.5
571,WAS,"Jaylin Lane",WR,17,25.06,12,-0.2%,0%,47.6,36,63,199.9,-15.5
572,NO,"Devin Neal",RB,17,20.07,11,6.9%,0%,33.2,47,44,141.8,-15.5
573,MIA,"Chop Robinson",DL,17,,12,-7.1%,0%,34.3,56,49,68.5,-15.6
574,CHI,"Jonathan Owens",DB,17,,5,-1.5%,0%,36.3,,73,108.9,-15.7
575,ARI,"Mack Wilson",LB,17,,8,8.2%,0%,65.2,57,93,135,-15.7
576,SF,"Richie Grant",DB,17,,14,15.5%,0%,36.6,45,73,109.7,-15.7
577,JAC,"Tim Patrick",WR,17,124.07,8,-1.2%,13%,62.1,26,83,149.1,-15.9
578,DEN,"Ja'Quan McMillian",DB,17,,12,7.7%,0%,50.9,,73,98.2,-15.9
579,HOU,"Chauncey Gardner-Johnson",DB,17,,6,-3.4%,19%,51.1,88,68,109.1,-15.9
580,CAR,"Jaycee Horn",DB,17,,14,0.7%,36%,51.5,76,74,95.7,-15.9
581,DAL,"Trevon Diggs",DB,17,,10,-11%,30%,45.7,76,70,109.1,-15.9
582,NE,"Andres Borregales",K,17,140.11,14,3.7%,0%,123.6,128,132,165.7,-15.9
583,CAR,"Hunter Renfrow",WR,17,107.09,14,2%,16%,45.1,16,69,187.3,-16
584,ARI,"Greg Dortch",WR,17,31.12,8,0.9%,12%,56.9,78,71,138.6,-16.2
585,DET,"Kalif Raymond",WR,17,117.01,8,1%,5%,66.9,43,74,148.6,-16.3
586,LAC,"Alohi Gilman",DB,17,,12,11.4%,0%,37.6,95,75,101.6,-16.3
587,ARI,"Max Melton",DB,17,,8,8.2%,0%,47.4,76,73,98.5,-16.3
588,JAC,"Jourdan Lewis",DB,17,,8,4.6%,0%,47.4,64,73,98.5,-16.3
589,DET,"Terrion Arnold",DB,17,,8,-5.4%,40%,35.9,84,72,107.6,-16.4
590,GB,"Emanuel Wilson",RB,17,26.05,5,-0.4%,0%,30,46,41,133.4,-16.5
591,SF,"Jacob Cowing",WR,13,129.03,14,1.1%,0%,35.3,26,54,217.3,-16.5
592,SEA,"Elijah Arroyo",TE,17,18.09,8,4.7%,30%,71.4,101,108,214.1,-16.5
593,WAS,"Deatrich Wise",DL,16,,12,5.7%,0%,41.5,63,52,68,-16.5
594,WAS,"Luke McCaffrey",WR,17,30.10,12,-0.2%,6%,51.8,33,69,169.2,-16.6
595,CIN,"B.J. Hill",DL,17,,10,-11.8%,0%,37.1,64,49,61.8,-16.6
596,MIN,"Theo Jackson",DB,17,,6,-3.3%,0%,75,,75,75,-16.6
597,NYJ,"Ahmad Gardner",DB,17,,9,6.5%,36%,48.8,76,70,101.1,-16.7
598,CIN,"Demetrius Knight Jr.",LB,17,,10,-11.8%,0%,68.5,,91,132.5,-16.7
599,ARI,"Emari Demercado",RB,17,91.04,8,4.7%,11%,45.4,42,57,88,-16.8
600,SEA,"Derick Hall",DL,17,,8,-0.5%,0%,36,51,48,62.3,-16.8
601,DAL,"Jonathan Mingo",WR,15,127.08,10,-3.2%,22%,59.9,13,69,172.1,-16.9
602,LVR,"Zamir White",RB,17,35.06,8,-1.8%,27%,31.3,41,39,133,-16.9
603,BUF,"Elijah Moore",WR,17,27.09,7,1.1%,36%,55.3,42,67,161.8,-16.9
604,TEN,"T'Vondre Sweat",DL,17,,10,10%,0%,38.3,44,48,59.8,-16.9
605,WAS,"Javon Kinlaw",DL,16,,12,5.7%,0%,37.6,32,47,75.1,-16.9
606,LAC,"KeAndre Lambert-Smith",WR,17,25.03,12,-0.8%,0%,41.6,18,56,202.7,-17.1
607,UNS,"Gus Edwards",RB,17,118.12,18,-,26%,51.4,5,61,93.8,-17.2
608,SF,"Yetur Gross-Matos",DL,17,,14,15.5%,11%,35.1,54,47,62.2,-17.2
609,KC,"Elijah Mitchell",RB,17,23.04,10,-1%,51%,34.9,36,41,123.6,-17.2
610,WAS,"Jeremy McNichols",RB,17,87.01,12,-3.9%,0%,38.5,20,48,120.3,-17.2
611,PHI,"Kelee Ringo",DB,17,,9,-6.1%,0%,74.3,,74,74.3,-17.2
612,MIN,"Javon Hargrave",DL,17,,6,-3.3%,12%,32.6,62,47,62.9,-17.3
613,ARI,"Baron Browning",DL,17,,8,8.2%,9%,32,52,43,70.3,-17.4
614,HOU,"Jimmie Ward",DB,17,,6,-3.4%,27%,43.7,74,65,111,-17.5
615,UNS,"Michael Gallup",WR,16,151.12,18,-,10%,36.8,36,67,167.1,-17.5
616,DEN,"Jaleel McLaughlin",RB,17,27.11,12,-3%,29%,45.9,33,59,76.5,-17.6
617,NYJ,"Tyler Johnson",WR,17,102.05,9,3%,7%,46.3,15,66,175.2,-17.7
618,ARI,"Darius Robinson",DL,17,,8,8.2%,0%,30.8,25,44,68.2,-17.7
619,SEA,"Byron Murphy II",DL,17,,8,-0.5%,0%,32.3,43,43,68.8,-17.8
620,LVR,"Raheem Mostert",RB,17,22.05,8,-1.8%,45%,27.8,60,37,111.2,-17.9
621,TEN,"Julius Chestnut",RB,17,144.12,10,-0.4%,0%,22.3,36,29,143.1,-17.9
622,LVR,"Darien Porter",DB,17,,8,10.4%,0%,73.5,,73,73.5,-17.9
623,SEA,"Jarran Reed",DL,17,,8,-0.5%,0%,33.9,69,45,62.4,-18.1
624,NO,"Blake Grupe",K,17,157.02,11,8.9%,0%,122.5,127,129,161.1,-18.2
625,SF,"Marquez Valdes-Scantling",WR,16,28.02,14,1.1%,17%,50.1,31,68,145.7,-18.4
626,BUF,"Joey Bosa",DL,16,,7,9%,92%,27.2,81,42,83.8,-18.4
627,ARI,"Garrett Williams",DB,17,,8,8.2%,0%,49.3,3,66,98.7,-18.5
628,ARI,"Calais Campbell",DL,17,,8,8.2%,6%,36,,45,58.4,-18.5
629,NE,"Jaylinn Hawkins",DB,17,,14,6.7%,0%,72.3,,72,72.3,-18.5
630,NYG,"Deonte Banks",DB,17,,14,-8.3%,0%,48.9,89,70,90.7,-18.6
631,DAL,"Malik Hooker",DB,17,,10,-11%,8%,48.8,49,70,90.6,-18.6
632,HOU,"Dare Ogunbowale",RB,17,153.11,6,2.3%,0%,57.9,24,58,57.9,-18.7
633,SEA,"AJ Barner",TE,17,25.05,8,4.7%,25%,81.6,91,102,205,-18.8
634,UNS,"Robert Woods",WR,16,149.10,18,-,63%,42.1,36,60,159.2,-18.8
635,DAL,"Dante Fowler",DL,17,,10,-11%,6%,32.1,60,43,62.1,-18.9
636,JAC,"LeQuint Allen",RB,17,34.03,8,0.6%,30%,23.4,12,31,140.7,-19
637,SF,"Mykel Williams",DL,17,,14,15.5%,7%,29.1,,39,71.4,-19
638,LAR,"Ahkello Witherspoon",DB,17,,8,-0.6%,0%,44.6,,69,92.7,-19
639,PHI,"A.J. Dillon",RB,17,25.12,9,-2.8%,8%,17.3,26,43,108.1,-19.1
640,DEN,"Patrick Surtain II",DB,17,,12,7.7%,0%,44.4,75,66,99.5,-19.2
641,PHI,"Quinyon Mitchell",DB,17,,9,-6.1%,0%,44.7,74,64,102.3,-19.2
642,DET,"Tyleik Williams",DL,17,,8,-5.4%,0%,31.3,,42,62.5,-19.2
643,LVR,"Eric Stokes",DB,17,,8,10.4%,0%,71,,71,71,-19.2
644,CIN,"Noah Fant",TE,17,24.09,10,0.5%,42%,74.2,101,106,190.8,-19.3
645,ATL,"A.J. Terrell",DB,17,,5,-2.4%,35%,42.7,63,66,98.4,-19.3
646,ATL,"James Pearce",DL,17,,5,-2.4%,0%,26,,40,69.9,-19.3
647,KC,"Tyquan Thornton",WR,17,97.12,10,0.6%,6%,27.9,17,37,219.8,-19.4
648,CLE,"Isaiah Bond",WR,17,25.10,9,-2.2%,6%,33.6,54,45,170.1,-19.5
649,CHI,"Grady Jarrett",DL,17,,5,-1.5%,11%,29.8,51,43,59.7,-19.5
650,DEN,"Jahdae Barron",DB,17,,12,7.7%,0%,46.2,,66,95.7,-19.5
651,CLE,"Shedeur Sanders",QB,2,16.08,9,-5.1%,25%,21.5,51,31,92,-19.5
652,UNS,"Tyler Boyd",WR,17,143.05,18,-,15%,56.8,29,67,126.9,-19.6
653,PIT,"Payton Wilson",LB,16,,5,3.5%,0%,60,96,86,132.8,-19.6
654,DET,"Alim McNeill",DL,17,,8,-5.4%,0%,32.6,43,43,58.7,-19.6
655,CHI,"Jaylon Johnson",DB,17,,5,-1.5%,0%,50.5,64,67,90.9,-19.6
656,BAL,"Devontez Walker",WR,17,142.03,7,1.2%,6%,30.9,20,53,178.6,-19.7
657,ATL,"Arnold Ebiketie",DL,17,,5,-2.4%,0%,29.5,35,42,61.1,-19.8
658,NYJ,"Andre Cisco",DB,17,,9,6.5%,0%,33.4,85,67,100.2,-19.8
659,UNS,"Damien Martinez",RB,16,31.02,18,-,11%,23.8,9,28,131.5,-19.9
660,HOU,"Tim Settle",DL,17,,6,-3.4%,0%,31.4,,42,58.5,-19.9
661,WAS,"Jer'Zhan Newton",DL,16,,12,5.7%,0%,31.8,36,42,59.4,-19.9
662,JAC,"Andrew Wingard",DB,17,,8,4.6%,0%,69.6,,70,69.6,-19.9
663,UNS,"Treylon Burks",WR,16,146.04,18,-,35%,41.8,7,60,155.8,-20.2
664,ARI,"Zay Jones",WR,17,138.12,8,0.9%,17%,47.5,38,56,139.8,-20.2
665,CAR,"Nic Scourton",DL,17,,14,0.7%,0%,26.8,,36,71.4,-20.2
666,UNS,"Michael Carter",RB,16,109.09,18,-,11%,20,13,33,116.8,-20.3
667,LAC,"Tyler Conklin",TE,17,24.04,12,3.2%,24%,75.5,91,101,196.2,-20.3
668,UNS,"Clyde Edwards-Helaire",RB,16,106.02,18,-,11%,28,6,43,94.7,-20.3
669,UNS,"Marcus Yarns",RB,16,138.11,18,-,11%,17.4,,25,109.1,-20.3
670,PHI,"Azeez Ojulari",DL,17,,9,-6.1%,0%,43.7,56,44,43.7,-20.3
671,NO,"Bryan Bresee",DL,17,,11,7.4%,0%,27.4,39,42,58.9,-20.4
672,UNS,"Carson Steele",RB,16,115.10,18,-,0%,25.5,9,32,111.6,-20.5
673,UNS,"D.J. Chark Jr.",WR,17,92.09,18,-,30%,43.6,2,56,162.2,-20.5
674,NO,"Kool-Aid McKinstry",DB,17,,11,7.4%,0%,33,38,66,98.9,-20.5
675,UNS,"Kendrick Bourne",WR,16,88.04,18,-,12%,61.4,11,71,113,-20.6
676,UNS,"Cam Akers",RB,17,151.07,18,-,13%,37.7,4,46,78.3,-20.6
677,PHI,"Jihaad Campbell",LB,17,,9,-6.1%,25%,58.8,,90,122,-20.6
678,PHI,"Jahan Dotson",WR,17,33.10,9,1.1%,8%,28.5,49,41,167,-20.7
679,CLE,"Raheim Sanders",RB,16,148.04,9,0.1%,0%,17.9,12,24,126.6,-20.7
680,GB,"Karl Brooks",DL,17,,5,-4.4%,0%,22.4,39,32,79.9,-20.7
681,GB,"Devonte Wyatt",DL,17,,5,-4.4%,0%,27.6,,39,63.1,-20.8
682,UNS,"Pierre Strong Jr.",RB,16,133.03,18,-,26%,26.6,12,34,97.4,-20.9
683,SEA,"Jalen Milroe",QB,1,20.02,8,4%,31%,14.5,24,18,108.8,-21
684,NYJ,"Nick Folk",K,17,98.06,9,5%,0%,109.7,128,129,162.5,-21.1
685,ATL,"Billy Bowman",DB,17,,5,-2.4%,0%,68,,68,68,-21.2
686,SF,"Skyy Moore",WR,17,153.02,14,1.1%,27%,37.2,8,47,167.5,-21.3
687,UNS,"Cordarrelle Patterson",RB,16,153.04,18,-,28%,28.9,5,42,80.6,-21.3
688,NYJ,"Arian Smith",WR,17,32.07,9,3%,6%,34.4,31,49,152.4,-21.3
689,SEA,"Tariq Woolen",DB,17,,8,-0.5%,0%,40.7,83,63,93.8,-21.4
690,JAC,"Arik Armstead",DL,17,,8,4.6%,10%,25.9,58,32,74.3,-21.4
691,NYJ,"Allen Lazard",WR,17,28.08,9,3%,13%,36.5,73,56,104,-21.6
692,LVR,"Elandon Roberts",LB,17,,8,10.4%,33%,66.1,94,87,117.4,-21.7
693,NYG,"Jameis Winston",QB,1,26.01,14,-5.4%,27%,12.3,16,15,107.5,-21.7
694,DEN,"Tyler Badie",RB,15,154.05,12,-3%,0%,13.2,13,20,121.9,-21.8
695,DAL,"Marshawn Kneeland",DL,17,,10,-11%,0%,22.6,46,32,72.7,-22
696,UNS,"Sincere McCormick",RB,16,156.01,18,-,0%,22.4,10,30,89.6,-22.1
697,LAR,"Tyler Higbee",TE,17,23.01,8,-0.7%,52%,71.2,130,89,182.5,-22.1
698,ATL,"Kirk Cousins",QB,1,21.03,5,3.3%,6%,11.2,14,14,100.9,-22.1
699,ATL,"David Onyemata",DL,17,,5,-2.4%,0%,29,61,39,52.1,-22.1
700,LAC,"Bud Dupree",DL,17,,12,11.4%,8%,41,,41,41,-22.1
701,MIN,"Ty Chandler",RB,17,127.03,6,-3.5%,12%,25.4,20,28,84.8,-22.2
702,UNS,"Nelson Agholor",WR,17,154.06,18,-,20%,52.5,4,62,117.2,-22.2
703,UNS,"Kimani Vidal",RB,16,34.10,18,-,0%,15.8,16,26,95.8,-22.4
704,KC,"Leo Chenal",LB,17,,10,-9.1%,0%,63.5,58,84,120.3,-22.5
705,LAR,"Darious Williams",DB,17,,8,-0.6%,0%,41.9,79,64,87,-22.5
706,NYJ,"Michael Carter II",DB,17,,9,6.5%,0%,41.8,,64,86.8,-22.5
707,UNS,"Jamaal Williams",RB,17,146.06,18,-,23%,18.3,,28,70.6,-22.6
708,KC,"Ashton Gillotte",DL,17,,10,-9.1%,0%,23.1,,33,66,-22.6
709,GB,"Savion Williams",WR,17,31.04,5,-0.7%,0%,39.2,17,49,137.2,-22.7
710,CLE,"Deshaun Watson",QB,2,133.07,9,-5.1%,28%,0,12,31,39.2,-22.8
711,TEN,"Kalel Mullings",RB,17,35.09,10,-0.4%,0%,15.9,17,21,95.4,-22.9
712,MIN,"Tai Felton",WR,17,28.07,6,-0.6%,0%,41.3,18,52,123.9,-22.9
713,DAL,"Kenny Clark",DL,16,,10,-11%,6%,29.9,68,40,61.8,-22.9
714,TB,"Sterling Shepard",WR,17,156.04,9,0.7%,29%,40.7,19,51,127.3,-22.9
715,TB,"Tykee Smith",DB,17,,9,-2.2%,0%,37.9,,63,88.5,-22.9
716,CIN,"Jermaine Burton",WR,17,29.03,10,0.4%,12%,21.2,39,41,144.8,-23
717,NYJ,"Jermaine Johnson",DL,17,,9,6.5%,0%,15.1,83,30,75.7,-23
718,TEN,"Dre'mont Jones",DL,17,,10,10%,0%,24.2,50,30,69.6,-23
719,PIT,"Jalen Ramsey",DB,17,,5,3.5%,13%,41.1,94,63,85.4,-23.1
720,UNS,"Deuce Vaughn",RB,16,139.02,18,-,0%,13,10,19,98.2,-23.2
721,DET,"Craig Reynolds",RB,17,107.12,8,-6.6%,0%,20.1,16,26,77.4,-23.2
722,SEA,"Jake Bobo",WR,17,128.11,8,1.5%,0%,30,37,43,133,-23.2
723,NO,"Pete Werner",LB,17,,11,7.4%,0%,68.5,88,86,109.7,-23.2
724,KC,"Noah Gray",TE,17,22.02,10,-8.1%,0%,84.4,97,96,170.6,-23.3
725,LVR,"Tyree Wilson",DL,17,,8,10.4%,10%,25.4,45,36,54.4,-23.4
726,UNS,"Khalil Herbert",RB,16,29.12,18,-,8%,17.6,9,25,81.8,-23.5
727,LAR,"Terrance Ferguson",TE,17,20.12,8,-0.7%,0%,76.2,55,95,204.8,-23.6
728,BAL,"Jaire Alexander",DB,17,,7,4.4%,93%,41.3,69,52,103.2,-23.6
729,IND,"Tyler Goodson",RB,17,83.09,11,0.8%,0%,15.2,29,22,70.5,-23.7
730,HOU,"Denico Autry",DL,17,,6,-3.4%,11%,24.9,46,36,51.5,-23.7
731,NYJ,"Harrison Phillips",DL,16,,9,6.5%,0%,30.3,73,37,62.7,-23.8
732,JAC,"Jarrian Jones",DB,17,,8,4.6%,0%,63.9,,64,63.9,-23.8
733,PIT,"Nick Herbig",DL,16,,5,3.5%,0%,25,35,31,76.6,-23.9
734,LAC,"Donte Jackson",DB,17,,12,11.4%,26%,30.4,71,61,91.3,-23.9
735,MIA,"Jaelan Phillips",DL,17,,12,-7.1%,15%,12.9,51,26,77.5,-24.1
736,ARI,"Jordan Burch",DL,17,,8,8.2%,0%,20.4,,31,62.9,-24.3
737,CIN,"T.J. Slaton",DL,17,,10,-11.8%,0%,26.9,,36,46.6,-24.4
738,BAL,"Nate Wiggins",DB,17,,7,4.4%,0%,39.6,47,61,82.2,-24.5
739,TEN,"Roger McCreary",DB,17,,10,10%,0%,39.9,82,61,82.8,-24.5
740,MIA,"Kenneth Grant",DL,17,,12,-7.1%,0%,24.1,,30,60.1,-24.5
741,UNS,"Malik Davis",RB,16,51.07,18,-,0%,11.1,6,19,79.7,-24.6
742,NYG,"Jalin Hyatt",WR,17,101.06,14,-2.7%,16%,23.4,33,36,133.5,-24.6
743,CLE,"Andre Szmyt",K,17,66.06,9,-1.1%,0%,111.1,,117,157.8,-24.6
744,UNS,"Elijhah Badger",WR,16,116.03,18,-,0%,18.7,25,27,133.5,-24.9
745,NYG,"Graham Gano",K,17,91.10,14,-5.9%,0%,116.9,126,121,160.3,-24.9
746,UNS,"Malachi Corley",WR,16,32.12,18,-,8%,31.3,12,42,123,-25
747,ATL,"Bralen Trice",DL,17,,5,-2.4%,0%,17,,34,51,-25.4
748,CAR,"Princely Umanmielen",DL,17,,14,0.7%,0%,13.3,,27,66.3,-25.4
749,UNS,"Jordan Mims",RB,16,108.10,18,-,0%,12.7,16,20,54.8,-25.5
750,SF,"Jordan Watkins",WR,17,134.10,14,1.1%,0%,22.4,9,32,144,-25.6
751,LAC,"Derius Davis",WR,17,120.07,12,-0.8%,0%,31.1,10,44,113.3,-25.7
752,CLE,"Dalvin Tomlinson",DL,17,,9,-7.3%,0%,24.9,,31,49.7,-25.8
753,ARI,"Will Johnson",DB,17,,8,8.2%,0%,61.3,,61,61.3,-25.8
754,TB,"Tez Johnson",WR,17,148.05,9,0.7%,0%,26.6,8,38,125.5,-25.9
755,UNS,"Montrell Johnson Jr.",RB,16,113.11,18,-,0%,11.1,,14,55.5,-25.9
756,WAS,"Marshon Lattimore",DB,17,,12,5.7%,95%,28.8,64,58,86.4,-26
757,NO,"Mason Tipton",WR,17,114.04,11,-1%,0%,30.1,11,43,107.6,-26.1
758,DET,"Josh Paschal",DL,17,,8,-5.4%,0%,24.9,,31,48.3,-26.1
759,PHI,"John Metchie",WR,17,117.11,9,1.1%,8%,19.2,15,29,139.7,-26.3
760,LAC,"Will Dissly",TE,17,,12,3.2%,11%,68.9,101,83,178.4,-26.3
761,LAC,"Hassan Haskins",RB,17,145.11,12,-3.4%,12%,9.4,32,13,51,-26.3
762,PIT,"Keeanu Benton",DL,16,,5,3.5%,0%,27.6,44,37,47.9,-26.3
763,CLE,"Michael Hall Jr.",DL,17,,9,-7.3%,0%,22.9,,33,42.5,-26.4
764,BUF,"Michael Hoecht",DL,10,,7,9%,0%,28.2,81,56,81.3,-26.4
765,JAC,"Darnell Savage",DB,17,,8,4.6%,24%,37.9,77,58,78.6,-26.5
766,KC,"Jaylen Watson",DB,17,,10,-9.1%,0%,37.6,,58,78,-26.5
767,HOU,"Calen Bullock",DB,17,,6,-3.4%,0%,37.5,,58,77.8,-26.5
768,ARI,"Akeem Davis-Gaither",LB,17,,8,8.2%,0%,62.4,,82,106.7,-26.5
769,UNS,"Javon Baker",WR,16,143.12,18,-,0%,22.5,6,38,116.3,-26.6
770,UNS,"Keilan Robinson",RB,16,147.08,18,-,0%,8.8,8,13,56.4,-26.7
771,TEN,"Chimere Dike",WR,17,28.09,10,1.2%,0%,31.8,44,40,79.5,-26.8
772,SEA,"Ricky White",WR,17,152.07,8,1.5%,0%,22.8,,29,99.8,-27
773,UNS,"Ainias Smith",WR,16,102.04,18,-,0%,16.5,6,21,144.1,-27.2
774,ATL,"Jalon Walker",LB,17,,5,-2.4%,22%,59.3,,77,115.5,-27.2
775,NYJ,"Micheal Clemons",DL,17,,9,6.5%,0%,23.8,,30,40.2,-27.7
776,MIA,"Kader Kohou",DB,17,,12,-7.1%,0%,35.2,54,53,81.4,-27.9
777,SF,"Bryce Huff",DL,17,,14,15.5%,0%,17,56,23,56.6,-28
778,DET,"D.J. Reader",DL,17,,8,-5.4%,0%,19.3,39,30,40.2,-28.2
779,LAC,"Da'Shawn Hand",DL,17,,12,11.4%,0%,19.4,,30,40.3,-28.2
780,ATL,"Ruke Orhorhoro",DL,17,,5,-2.4%,0%,14.3,20,29,42.9,-28.6
781,UNS,"Donovan Edwards",RB,16,133.01,18,-,0%,16,6,16,16,-28.7
782,BUF,"Landon Jackson",DL,16,,7,9%,0%,12.5,,25,67.7,-28.7
783,PHI,"Jakorian Bennett",DB,16,,9,-6.1%,0%,39.5,69,56,84.6,-28.9
784,LAC,"Denzel Perryman",LB,14,,12,11.4%,29%,82.1,112,82,82.1,-28.9
785,UNS,"Rakim Jarrett",WR,16,158.02,18,-,0%,16.4,6,25,110.3,-29
786,HOU,"Justin Watson",WR,17,131.04,6,0.3%,9%,21.7,6,27,103.2,-29.1
787,NYG,"Eric Gray",RB,17,138.04,14,-4.6%,0%,4.7,7,7,28.4,-29.3
788,LVR,"Dylan Laube",RB,17,107.05,8,-1.8%,7%,6.4,9,12,15.2,-29.4
789,PIT,"Jack Sawyer",DL,16,,5,3.5%,0%,12.8,,26,64,-29.4
790,BUF,"Maxwell Hairston",DB,16,,7,9%,0%,34,,57,85.1,-29.5
791,CIN,"DJ Turner II",DB,17,,10,-11.8%,0%,35.6,,51,76.2,-29.6
792,GB,"Bo Melton",WR,17,,5,-0.7%,25%,15.1,18,22,98.2,-29.7
793,NE,"Anfernee Jennings",DL,17,,14,6.7%,0%,22.5,,28,33.8,-29.7
794,UNS,"Nick Nash",WR,16,34.06,18,-,0%,16.1,13,23,101,-29.7
795,LAC,"Oronde Gadsden II",TE,17,23.07,12,3.2%,0%,53.1,44,73,214.4,-29.8
796,CIN,"Shemar Stewart",DL,17,,10,-11.8%,0%,0,,17,52,-29.8
797,BUF,"Larry Ogunjobi",DL,10,,7,9%,0%,36.2,71,48,86.8,-29.9
798,CLE,"Greg Newsome",DB,17,,9,-7.3%,0%,39.3,4,49,76.2,-30
799,CAR,"Jimmy Horn Jr.",WR,17,31.06,14,2%,0%,18.9,14,25,88.1,-30.1
800,CLE,"David Bell",WR,17,140.04,9,-2.2%,0%,19.6,5,30,82.9,-30.2
801,NE,"Austin Hooper",TE,17,30.12,14,1.6%,11%,73,81,86,146.1,-30.4
802,UNS,"Ogbonnia Okoronkwo",DL,16,,18,-,0%,16.1,,21,64.4,-30.6
803,UNS,"Jha'Quan Jackson",WR,16,148.09,18,-,0%,14.6,7,18,100.7,-30.8
804,IND,"Ashton Dulin",WR,17,147.09,11,-0.9%,0%,17.1,5,21,92,-31
805,SEA,"Coby Bryant",DB,17,,8,-0.5%,0%,29.8,19,43,85.3,-31.4
806,NO,"Cameron Jordan",DL,17,,11,7.4%,6%,11.9,62,24,38.1,-31.4
807,GB,"Malik Heath",WR,17,136.07,5,-0.7%,0%,13.5,10,21,81.2,-31.5
808,LVR,"Michael Mayer",TE,17,27.01,8,-6.5%,20%,72.7,76,81,149.4,-31.5
809,PHI,"Nakobe Dean",LB,17,,9,-6.1%,36%,24.4,54,81,110.5,-31.5
810,CHI,"Devin Duvernay",WR,17,134.05,5,0.5%,5%,20.3,3,25,71,-31.8
811,NO,"Cedrick Wilson",WR,17,68.11,11,-1%,6%,19.8,5,28,62.2,-31.9
812,ATL,"Zach Harrison",DL,17,,5,-2.4%,0%,11.7,65,23,38.7,-31.9
813,BUF,"Kaden Prather",WR,17,141.03,7,1.1%,11%,11.1,,16,71.6,-32
814,LAR,"Nathan Landman",LB,17,,8,-0.6%,0%,77.9,52,78,77.9,-32
815,CAR,"Kobe Hudson",WR,17,158.03,14,2%,0%,12.6,,17,65.5,-32.2
816,ATL,"KhaDarel Hodge",WR,17,115.03,5,1.4%,0%,29.8,28,30,29.8,-32.2
817,NYJ,"Xavier Gipson",WR,17,76.10,9,3%,0%,16.4,15,20,67.5,-32.3
818,HOU,"Xavier Hutchinson",WR,17,69.10,6,0.3%,0%,13.9,22,23,54.5,-32.5
819,HOU,"Cade Stover",TE,17,31.07,6,2.3%,35%,47.4,47,73,193.2,-32.5
820,TB,"Ryan Miller",WR,17,84.04,9,0.7%,0%,10.6,3,18,76,-32.6
821,ATL,"Casey Washington",WR,17,147.10,5,1.4%,0%,11.8,16,18,65.1,-32.8
822,NO,"Taysom Hill",TE,10,26.10,11,0.7%,52%,23.8,77,95,142.7,-32.8
823,UNS,"Kevin Austin Jr.",WR,16,74.03,18,-,0%,16.6,9,24,54.6,-32.8
824,IND,"Tyler Scott",WR,16,145.02,11,-0.9%,0%,16.1,11,20,60.5,-32.9
825,DET,"Dominic Lovett",WR,17,64.02,8,1%,0%,11.3,0,16,59.9,-33
826,DAL,"Ryan Flournoy",WR,17,149.07,10,-3.2%,0%,12.4,15,21,53.9,-33.1
827,CLE,"Michael Woods II",WR,17,121.01,9,-2.2%,0%,12.2,6,17,67.9,-33.3
828,LAC,"Elijah Molden",DB,17,,12,11.4%,0%,37,83,46,64.7,-33.4
829,DAL,"Jalen Brooks",WR,17,155.03,10,-3.2%,0%,13.7,7,20,52.7,-33.6
830,DAL,"Donovan Ezeiruaku",LB,17,,10,-11%,0%,49.9,,66,111.6,-33.7
831,IND,"Anthony Gould",WR,17,57.08,11,-0.9%,0%,10.9,3,14,61.5,-34.1
832,BAL,"LaJohntay Wester",WR,17,120.12,7,1.2%,0%,10.3,3,15,58.8,-34.2
833,LAR,"Konata Mumpfield",WR,17,118.08,8,0.4%,0%,9.4,18,13,53.7,-34.4
834,NYG,"Antwane Wells Jr.",WR,17,145.08,14,-2.7%,0%,8.2,,12,49.2,-34.7
835,CIN,"Charlie Jones",WR,17,126.04,10,0.4%,0%,16.8,5,22,30.3,-34.9
836,NO,"Foster Moreau",TE,17,83.02,11,0.7%,15%,63.3,69,79,134.5,-35
837,PHI,"Jordan Davis",DL,17,,9,-6.1%,0%,12.9,49,14,35.7,-35.2
838,ARI,"Starling Thomas V",DB,17,,8,8.2%,0%,35.1,,44,59.2,-35.2
839,TB,"Sirvocea Dennis",LB,17,,9,-2.2%,0%,52.8,42,70,95.1,-35.4
840,LVR,"DJ Turner",WR,17,104.10,8,-0.8%,0%,10.6,6,15,37.9,-35.5
841,GB,"Luke Musgrave",TE,17,29.09,5,-4.1%,19%,42.6,50,57,191.8,-36.3
842,HOU,"Braxton Berrios",WR,17,142.04,6,0.3%,6%,15.9,3,16,15.9,-36.7
843,TEN,"Gunnar Helm",TE,17,26.03,10,4.1%,0%,46.8,51,59,177.4,-36.9
844,NE,"Jahlani Tavai",LB,14,,14,6.7%,0%,56.7,124,67,90.1,-36.9
845,UNS,"Julius Brents",DB,16,,18,-,0%,27.7,101,40,79.2,-37.8
846,CAR,"Demani Richardson",DB,17,,14,0.7%,0%,29.6,,42,52.9,-37.9
847,SF,"Dee Winters",LB,17,,14,15.5%,0%,45.4,,65,94,-38.5
848,BAL,"Ar'Darius Washington",DB,17,,7,4.4%,0%,17.5,,35,70,-38.7
849,DET,"Derrick Barnes",LB,17,,8,-5.4%,0%,51.7,60,62,92.4,-39.1
850,BAL,"Kyle Van Noy",LB,17,,7,4.4%,18%,47,,62,95.9,-39.2
851,HOU,"Christian Harris",LB,17,,6,-3.4%,0%,49.4,79,66,85.7,-39.3
852,BUF,"Dawson Knox",TE,17,27.04,7,4.6%,16%,52.9,58,60,147.4,-39.4
853,MIA,"Jason Sanders",K,13,146.08,12,1%,0%,105,127,113,129.8,-39.6
854,WAS,"Ben Sinnott",TE,17,23.11,12,-6.2%,14%,40,50,45,191,-39.7
855,TEN,"Joey Slye",K,17,151.02,10,2.6%,0%,104.4,126,109,136,-39.8
856,UNS,"Gerald Everett",TE,17,72.07,18,-,19%,51.8,8,65,161.9,-40.4
857,CAR,"Christian Rozeboom",LB,17,,14,0.7%,0%,67,100,67,67,-40.4
858,CAR,"Tommy Tremble",TE,17,137.03,14,1%,0%,46.4,55,52,154.8,-40.9
859,IND,"Cameron McGrone",LB,17,,11,9.6%,0%,65.4,,65,65.4,-41.9
860,BUF,"Dorian Williams",LB,16,,7,9%,0%,43.5,87,58,90,-42.6
861,NE,"Marte Mapu",LB,17,,14,6.7%,0%,41.9,,60,80.8,-43.8
862,WAS,"Von Miller",DL,2,,12,5.7%,6%,0,68,3,3.5,-45.1
863,DAL,"Luke Schoonmaker",TE,17,32.03,10,-6.4%,8%,34.9,45,52,132.9,-45.2
864,UNS,"Josh Whyle",TE,16,111.11,18,-,0%,38.6,12,48,160.1,-45.3
865,DAL,"Marist Liufau",LB,17,,10,-11%,0%,35.5,12,55,87.4,-45.3
866,TB,"Anthony Walker",LB,17,,9,-2.2%,0%,32,45,53,93.2,-45.7
867,UNS,"Greg Dulcich",TE,16,145.09,18,-,6%,28.2,10,43,169.4,-46.4
868,UNS,"Jabrill Peppers",DB,16,,18,-,11%,27,117,34,40.5,-46.4
869,DAL,"DeMarvion Overshown",LB,17,,10,-11%,0%,0,63,44,88.8,-46.7
870,CAR,"Mitchell Evans",TE,17,152.02,14,1%,0%,30.5,20,41,158.5,-46.8
871,ATL,"Mike Hughes",DB,17,,5,-2.4%,28%,17.8,45,27,34.2,-48
872,NE,"Christian Elliss",LB,17,,14,6.7%,0%,56.8,,57,56.8,-48
873,LVR,"Devin White",LB,17,,8,10.4%,0%,27.6,108,55,77.2,-48.8
874,BAL,"Teddye Buchanan",LB,17,,7,4.4%,0%,22.3,,45,98.1,-49
875,IND,"Jaylon Carlies",DB,17,,11,9.6%,0%,11.5,,23,40.3,-49
876,ATL,"Jordan Fuller",DB,17,,5,-2.4%,22%,17.8,99,24,30.9,-49.5
877,LAC,"Troy Dye",LB,17,,12,11.4%,0%,28.2,,51,79.4,-49.9
878,CIN,"Drew Sample",TE,17,113.07,10,0.5%,7%,41.7,29,51,96.6,-50.1
879,BAL,"Trenton Simpson",LB,17,,7,4.4%,0%,26.8,77,54,72.5,-50.1
880,ARI,"Elijah Higgins",TE,17,82.03,8,4.9%,0%,34.1,41,45,106.8,-50.2
881,NYJ,"Stone Smartt",TE,17,157.04,9,5.1%,0%,32.4,21,40,129.5,-50.4
882,IND,"Jaylon Jones",DB,17,,11,9.6%,0%,17.1,4,23,28.6,-50.4
883,HOU,"Harrison Bryant",TE,17,147.06,6,2.3%,8%,29.3,1,35,148.4,-50.7
884,ATL,"Troy Andersen",LB,17,,5,-2.4%,21%,22.6,142,45,90.4,-50.9
885,SF,"Nick Martin",LB,17,,14,15.5%,0%,19.9,,40,99.4,-51.3
886,MIN,"Josh Oliver",TE,17,155.08,6,-5.3%,5%,24.2,60,35,105.6,-51.6
887,NO,"Danny Stutsman",LB,17,,11,7.4%,0%,0,,39,78.4,-51.8
888,UNS,"Pharaoh Brown",TE,16,124.05,18,-,0%,26.6,19,48,104.8,-51.9
889,PHI,"Grant Calcaterra",TE,17,93.10,9,-4.5%,0%,25,44,36,110.7,-52
890,PIT,"Darnell Washington",TE,17,142.06,5,3%,8%,30.5,35,40,96.3,-52.9
891,UNS,"Joshua Simon",TE,16,122.05,18,-,0%,19.1,,25,127.2,-52.9
892,UNS,"Luke Lachey",TE,16,129.05,18,-,0%,21.5,7,29,137.9,-53.5
893,NYJ,"Jeremy Ruckert",TE,17,152.01,9,5.1%,0%,28.8,35,36,100.8,-53.6
894,DEN,"Adam Trautman",TE,17,130.11,12,1.9%,7%,26.1,37,35,97.4,-54.2
895,MIA,"Julian Hill",TE,17,94.11,12,2.4%,0%,22.3,45,37,91.2,-54.2
896,DEN,"Lucas Krull",TE,17,78.02,12,1.9%,0%,28,15,42,94.1,-54.5
897,DET,"Brock Wright",TE,17,124.01,8,2.9%,0%,25.6,48,33,82,-55.6
898,NYG,"Daniel Bellinger",TE,17,128.05,14,-5.9%,7%,23.3,31,29,101.8,-55.8
899,JAC,"Johnny Mundt",TE,17,158.05,8,3.7%,0%,32.6,27,38,76.6,-56.3
900,PIT,"Cole Holcomb",LB,16,,5,3.5%,0%,21.3,59,43,68.3,-56.3
901,KC,"Jake Briningstool",TE,17,97.10,10,-8.1%,0%,13.2,,19,113.2,-56.4
902,PHI,"Kylen Granson",TE,17,153.05,9,-4.5%,8%,23,6,29,99.4,-57.6
903,BAL,"Charlie Kolar",TE,17,105.04,7,4.6%,6%,20.4,18,29,96.4,-57.7
904,CLE,"Jeremiah Owusu-Koramoah",LB,17,,9,-7.3%,24%,43.9,127,44,43.9,-57.9
905,HOU,"E.J. Speed",LB,17,,6,-3.4%,0%,0,131,33,65.2,-57.9
906,UNS,"Jaheim Bell",TE,16,142.10,18,-,0%,15.5,38,21,94.9,-58.2
907,UNS,"Josey Jewell",LB,16,,18,-,36%,33.6,127,42,53.8,-58.2
908,NYJ,"Jelani Woods",TE,16,136.02,9,5.1%,23%,13.9,16,31,88.2,-58.7
909,DEN,"Caleb Lohner",TE,17,142.05,12,1.9%,0%,13.7,,20,92.2,-59.4
910,IND,"Andrew Ogletree",TE,17,50.09,11,0.4%,0%,14.7,31,21,90,-59.5
911,CIN,"Tanner McLachlan",TE,17,126.02,10,0.5%,0%,18.2,,23,76.4,-59.8
912,ARI,"Tip Reiman",TE,17,115.04,8,4.9%,0%,16.9,15,23,90.2,-59.9
913,TB,"Devin Culp",TE,17,90.09,9,-2.6%,0%,14.7,21,24,85.7,-60.3
914,PIT,"Malik Harrison",LB,16,,5,3.5%,0%,18.9,,38,60.3,-60.4
915,LAR,"Colby Parkinson",TE,17,136.01,8,-0.7%,0%,21.9,28,26,67,-60.6
916,ATL,"Charlie Woerner",TE,17,100.03,5,5.4%,0%,14.7,25,25,73.6,-60.8
917,TB,"Payne Durham",TE,17,138.03,9,-2.6%,0%,11.6,32,19,85.3,-60.9
918,LAR,"Davis Allen",TE,17,121.12,8,-0.7%,0%,20.2,7,24,80.9,-61.2
919,IND,"Will Mallory",TE,17,86.06,11,0.4%,0%,14.2,12,20,91.1,-61.3
920,IND,"Mo Alie-Cox",TE,17,101.07,11,0.4%,6%,38.3,8,38,38.3,-61.6
921,WAS,"John Bates",TE,17,149.12,12,-6.2%,0%,19.6,18,26,65.4,-61.9
922,KC,"Jared Wiley",TE,17,158.09,10,-8.1%,0%,11.3,13,19,85.1,-62.1
923,ARI,"BJ Ojulari",LB,17,,8,8.2%,0%,18.1,,36,56,-62.4
924,DAL,"Brevyn Spann-Ford",TE,17,131.01,10,-6.4%,0%,15.5,23,19,73.6,-62.6
925,BUF,"Jackson Hawes",TE,17,119.04,7,4.6%,0%,15.4,16,19,76.8,-62.7
926,SEA,"Robbie Ouzts",TE,17,98.04,8,4.7%,0%,12.2,101,15,45.8,-63.5
927,LAR,"Troy Reeder",LB,17,,8,-0.6%,0%,17.6,93,35,52.7,-63.6
928,TB,"David Walker",LB,17,,9,-2.2%,0%,15.9,,32,54,-64.6
929,NYG,"Thomas Fidone II",TE,17,107.01,14,-5.9%,0%,10.4,18,14,69,-64.7
930,DEN,"Nate Adkins",TE,17,64.07,12,1.9%,0%,14.8,14,21,54.9,-64.8
931,NO,"Moliki Matavao",TE,17,130.03,11,0.7%,0%,10.2,29,15,58.6,-64.8
932,ARI,"Cody Simon",LB,17,,8,8.2%,0%,13.1,,26,65.3,-65.3
933,BAL,"Tavius Robinson",LB,17,,7,4.4%,0%,14.3,,29,57.3,-65.3
934,DEN,"Justin Strnad",LB,17,,12,7.7%,0%,16.9,,34,45.5,-65.4
935,TEN,"Oluwafemi Oladejo",LB,17,,10,10%,0%,15.8,,32,47.4,-66
936,CHI,"Durham Smythe",TE,17,135.05,5,-1%,8%,12.7,14,18,45.4,-66.7
937,PIT,"Connor Heyward",TE,17,95.03,5,3%,0%,9.8,30,14,46.2,-66.7
938,MIN,"Gavin Bartholomew",TE,17,149.05,6,-5.3%,0%,10.6,18,14,49.4,-67
939,CIN,"Barrett Carter",LB,17,,10,-11.8%,0%,0,,24,47.9,-67.1
940,ATL,"JD Bertrand",LB,17,,5,-2.4%,0%,0,20,20,39.8,-71.1
941,MIA,"Riley Patterson",K,4,126.08,12,1%,0%,26.3,43,29,43.8,-137
942,UNS,"Greg Zuerlein",K,1,37.03,18,-,0%,0.5,33,1,0.5,-168.8
943,UNS,"Anders Carlson",K,1,129.10,18,-,0%,0.5,33,1,0.5,-168.8
944,UNS,"John Parker Romo",K,1,155.12,18,-,0%,0.5,32,1,0.5,-169
945,UNS,"Dustin Hopkins",K,1,98.10,18,-,0%,0.5,32,1,0.5,-169
946,UNS,"Justin Tucker",K,1,113.05,18,-,0%,0.5,31,1,0.5,-169.7
947,UNS,"Harrison Mevis",K,1,94.09,18,-,0%,0.5,31,1,0.5,-169.7
948,UNS,"Greg Joseph",K,1,82.09,18,-,0%,0.5,20,1,0.5,-170.5
