,,,Passing,,,,Rushing,,,,Receiving,,,,Kick Ret,,Punt Ret,
Name,Team,Pos,YDS,TD,INT,YPA,ATT,YDS,AVG,TD,REC,YDS,AVG,TD,YDS,TD,YDS,TD
Israel Abanikanda,SF,RB,0,0,0,0.0,0,0,0.0,0,0,0,0.0,0,0,0,0,0
Ameer Abdullah,FA,RB,0,0,0,0.0,23,95,4.1,1,13,92,7.1,1,144,0,35,0
De'Von Achane,MIA,RB,0,0,0,0.0,199,936,4.7,6,67,500,7.5,3,27,0,0,0
Davante Adams,LAR,WR,0,0,0,0.0,0,0,0.0,0,79,968,12.3,7,0,0,0,0
Jordan Addison,MIN,WR,0,0,0,0.0,4,20,5.0,0,71,932,13.1,6,0,0,0,0
Nate Adkins,DEN,TE,0,0,0,0.0,0,0,0.0,0,0,0,0.0,0,0,0,0,0
Nelson Agholor,FA,WR,0,0,0,0.0,0,0,0.0,0,6,82,13.7,1,0,0,0,0
Jamal Agnew,ATL,WR,0,0,0,0.0,0,0,0.0,0,0,0,0.0,0,0,0,0,0
Brandon Aiyuk,SF,WR,0,0,0,0.0,0,0,0.0,0,57,824,14.5,5,0,0,0,0
Cam Akers,NO,RB,0,0,0,0.0,38,156,4.1,1,5,40,8.0,0,0,0,0,0
Jordan Akins,FA,TE,0,0,0,0.0,0,0,0.0,0,14,138,9.9,1,0,0,0,0
Rasheen Ali,BAL,RB,0,0,0,0.0,30,140,4.7,1,3,23,7.7,0,80,0,0,0
Mo Alie-Cox,IND,TE,0,0,0,0.0,0,0,0.0,0,4,41,10.3,0,0,0,0,0
Josh Allen,BUF,QB,3777,27,11,7.6,98,504,5.1,10,0,0,0.0,0,0,0,0,0
Kyle Allen,DET,QB,0,0,0,0.0,0,0,0.0,0,0,0,0.0,0,0,0,0,0
Keenan Allen,FA,WR,0,0,0,0.0,0,0,0.0,0,47,488,10.4,4,0,0,0,0
Davis Allen,LAR,TE,0,0,0,0.0,0,0,0.0,0,4,41,10.3,0,0,0,0,0
Braelon Allen,NYJ,RB,0,0,0,0.0,63,269,4.3,2,12,90,7.5,1,0,0,0,0
Kaytron Allen,FA,RB,0,0,0,0.0,0,0,0.0,0,0,0,0.0,0,0,0,0,0
Tyler Allgeier,ATL,RB,0,0,0,0.0,120,538,4.5,4,13,94,7.2,1,0,0,0,0
Mark Andrews,BAL,TE,0,0,0,0.0,3,4,1.3,0,55,681,12.4,7,0,0,0,0
Elijah Arroyo,SEA,TE,0,0,0,0.0,0,0,0.0,0,31,283,9.1,2,0,0,0,0
Tutu Atwell,LAR,WR,0,0,0,0.0,3,18,6.0,0,33,422,12.8,3,0,0,0,0
Brandon Aubrey,DAL,K,0,0,0,0.0,0,0,0.0,0,0,0,0.0,0,0,0,0,0
Calvin Austin,PIT,WR,0,0,0,0.0,3,14,4.7,0,34,441,13.0,3,0,0,0,0
Eric Ayomanor,TEN,WR,0,0,0,0.0,2,10,5.0,0,26,310,11.9,2,0,0,0,0
Michael Badgley,FA,K,0,0,0,0.0,0,0,0.0,0,0,0,0.0,0,0,0,0,0
Tyler Badie,DEN,RB,0,0,0,0.0,10,41,4.1,0,3,22,7.3,0,0,0,0,0
Tyson Bagent,CHI,QB,188,1,1,6.3,4,22,5.5,0,0,0,0.0,0,0,0,0,0
Javon Baker,NE,WR,0,0,0,0.0,0,0,0.0,0,8,110,13.8,1,78,0,0,0
Saquon Barkley,PHI,RB,0,0,0,0.0,300,1680,5.6,11,31,232,7.5,2,0,0,0,0
AJ Barner,SEA,TE,0,0,0,0.0,0,0,0.0,0,14,134,9.6,1,0,0,0,0
Tyler Bass,BUF,K,0,0,0,0.0,0,0,0.0,0,0,0,0.0,0,0,0,0,0
Rashod Bateman,BAL,WR,0,0,0,0.0,0,0,0.0,0,44,679,15.4,5,0,0,0,0
John Bates,WAS,TE,0,0,0,0.0,0,0,0.0,0,8,74,9.3,1,0,0,0,0
Jake Bates,DET,K,0,0,0,0.0,0,0,0.0,0,0,0,0.0,0,0,0,0,0
C.J. Beathard,FA,QB,0,0,0,0.0,0,0,0.0,0,0,0,0.0,0,0,0,0,0
Jack Bech,LV,WR,0,0,0,0.0,0,0,0.0,0,53,621,11.7,4,0,0,0,0
Odell Beckham,FA,WR,0,0,0,0.0,0,0,0.0,0,0,0,0.0,0,0,0,0,0
Jaheim Bell,NE,TE,0,0,0,0.0,0,0,0.0,0,12,121,10.1,1,0,0,0,0
David Bell,CLE,WR,0,0,0,0.0,0,0,0.0,0,0,0,0.0,0,0,0,0,0
Ronnie Bell,DET,WR,0,0,0,0.0,0,0,0.0,0,0,0,0.0,0,0,0,0,0
Daniel Bellinger,NYG,TE,0,0,0,0.0,0,0,0.0,0,15,141,9.4,1,0,0,0,0
Stetson Bennett,LAR,QB,192,1,1,6.4,4,18,4.5,0,0,0,0.0,0,0,0,0,0
Trey Benson,ARI,RB,0,0,0,0.0,99,436,4.4,3,18,129,7.2,1,0,0,0,0
Braxton Berrios,HOU,WR,0,0,0,0.0,1,0,0.0,0,3,31,10.3,0,109,0,50,0
Tank Bigsby,JAX,RB,0,0,0,0.0,95,388,4.1,3,10,73,7.3,0,92,0,0,0
Raheem Blackshear,CAR,RB,0,0,0,0.0,5,21,4.2,0,2,15,7.5,0,535,1,131,0
Jaydon Blue,DAL,RB,0,0,0,0.0,104,444,4.3,3,24,177,7.4,1,0,0,0,0
Jake Bobo,SEA,WR,0,0,0,0.0,0,0,0.0,0,11,121,11.0,1,0,0,0,0
Isaiah Bond,FA,WR,0,0,0,0.0,1,3,3.0,0,12,161,13.4,1,21,0,0,0
Andres Borregales,NE,K,0,0,0,0.0,0,0,0.0,0,0,0,0.0,0,0,0,0,0
Chris Boswell,PIT,K,0,0,0,0.0,0,0,0.0,0,0,0,0.0,0,0,0,0,0
Kendrick Bourne,NE,WR,0,0,0,0.0,0,0,0.0,0,21,252,12.0,2,0,0,0,0
Kayshon Boutte,NE,WR,0,0,0,0.0,0,0,0.0,0,32,427,13.3,3,0,0,0,0
Brock Bowers,LV,TE,0,0,0,0.0,3,16,5.3,0,95,1002,10.5,6,0,0,0,0
Tyler Boyd,FA,WR,0,0,0,0.0,0,0,0.0,0,20,205,10.3,1,0,0,0,0
Teddy Bridgewater,FA,QB,0,0,0,0.0,0,0,0.0,0,0,0,0.0,0,0,0,0,0
Jake Briningstool,KC,TE,0,0,0,0.0,0,0,0.0,0,0,0,0.0,0,0,0,0,0
Jacoby Brissett,ARI,QB,201,1,1,6.7,2,8,4.0,0,0,0,0.0,0,0,0,0,0
Chris Brooks,GB,RB,0,0,0,0.0,25,103,4.1,1,3,22,7.3,0,0,0,0,0
Ja'Corey Brooks,WAS,WR,0,0,0,0.0,0,0,0.0,0,0,0,0.0,0,0,0,0,0
Tahj Brooks,CIN,RB,0,0,0,0.0,58,239,4.1,2,9,64,7.1,0,0,0,0,0
Jonathon Brooks,CAR,RB,0,0,0,0.0,0,0,0.0,0,0,0,0.0,0,0,0,0,0
Chase Brown,CIN,RB,0,0,0,0.0,214,901,4.2,7,45,329,7.3,2,51,0,0,0
Dyami Brown,JAX,WR,0,0,0,0.0,1,7,7.0,0,41,557,13.6,3,0,0,0,0
A.J. Brown,PHI,WR,0,0,0,0.0,0,0,0.0,0,81,1207,14.9,7,0,0,0,0
Hollywood Brown,KC,WR,0,0,0,0.0,0,0,0.0,0,46,612,13.3,4,0,0,0,0
Noah Brown,WAS,WR,0,0,0,0.0,0,0,0.0,0,26,330,12.7,2,0,0,0,0
Pharaoh Brown,MIA,TE,0,0,0,0.0,0,0,0.0,0,10,101,10.1,1,0,0,0,0
Jake Browning,CIN,QB,211,1,1,7.0,3,15,5.0,0,0,0,0.0,0,0,0,0,0
Jason Brownlee,KC,WR,0,0,0,0.0,0,0,0.0,0,0,0,0.0,0,0,0,0,0
Pat Bryant,DEN,WR,0,0,0,0.0,0,0,0.0,0,19,231,12.2,2,0,0,0,0
Harrison Bryant,PHI,TE,0,0,0,0.0,0,0,0.0,0,10,97,9.7,1,0,0,0,0
Luther Burden,CHI,WR,0,0,0,0.0,7,42,6.0,1,52,616,11.8,4,141,0,0,0
Treylon Burks,TEN,WR,0,0,0,0.0,1,4,4.0,0,10,123,12.3,1,67,0,0,0
Joe Burrow,CIN,QB,4415,34,11,7.4,43,159,3.7,2,0,0,0.0,0,0,0,0,0
Jermaine Burton,CIN,WR,0,0,0,0.0,1,6,6.0,0,24,340,14.2,2,188,0,0,0
Harrison Butker,KC,K,0,0,0,0.0,0,0,0.0,0,0,0,0.0,0,0,0,0,0
Grant Calcaterra,PHI,TE,0,0,0,0.0,0,0,0.0,0,11,110,10.0,1,0,0,0,0
Parris Campbell,DAL,WR,0,0,0,0.0,0,0,0.0,0,0,0,0.0,0,0,0,0,0
Anders Carlson,FA,K,0,0,0,0.0,0,0,0.0,0,0,0,0.0,0,0,0,0,0
Daniel Carlson,LV,K,0,0,0,0.0,0,0,0.0,0,0,0,0.0,0,0,0,0,0
Derek Carr,NO,QB,0,0,0,0.0,0,0,0.0,0,0,0,0.0,0,0,0,0,0
DeAndre Carter,CLE,WR,0,0,0,0.0,0,0,0.0,0,3,30,10.0,0,284,0,93,0
Michael Carter,ARI,RB,0,0,0,0.0,30,125,4.2,1,6,43,7.2,0,0,0,0,0
Ty Chandler,MIN,RB,0,0,0,0.0,30,130,4.3,1,8,58,7.3,0,212,0,0,0
Zach Charbonnet,SEA,RB,0,0,0,0.0,101,425,4.2,3,38,274,7.2,1,0,0,0,0
DJ Chark,FA,WR,0,0,0,0.0,0,0,0.0,0,10,135,13.5,1,0,0,0,0
Ja'Marr Chase,CIN,WR,0,0,0,0.0,3,17,5.7,0,110,1375,12.5,11,0,0,0,0
Julius Chestnut,TEN,RB,0,0,0,0.0,10,41,4.1,0,2,14,7.0,0,0,0,0,0
Robbie Chosen,FA,WR,0,0,0,0.0,0,0,0.0,0,0,0,0.0,0,0,0,0,0
Nick Chubb,HOU,RB,0,0,0,0.0,83,352,4.2,3,9,64,7.1,0,0,0,0,0
Chase Claypool,FA,WR,0,0,0,0.0,0,0,0.0,0,0,0,0.0,0,0,0,0,0
Jalen Coker,CAR,WR,0,0,0,0.0,2,8,4.0,0,39,490,12.6,3,0,0,0,0
Keon Coleman,BUF,WR,0,0,0,0.0,1,5,5.0,0,49,672,13.7,4,0,0,0,0
Nico Collins,HOU,WR,0,0,0,0.0,1,5,5.0,0,87,1271,14.6,9,0,0,0,0
Tyler Conklin,LAC,TE,0,0,0,0.0,0,0,0.0,0,33,316,9.6,2,0,0,0,0
James Conner,ARI,RB,0,0,0,0.0,214,981,4.6,8,35,259,7.4,1,0,0,0,0
James Cook,BUF,RB,0,0,0,0.0,210,985,4.7,9,34,286,8.4,2,0,0,0,0
Brandin Cooks,NO,WR,0,0,0,0.0,1,6,6.0,0,30,390,13.0,2,0,0,0,0
Amari Cooper,FA,WR,0,0,0,0.0,0,0,0.0,0,38,570,15.0,3,0,0,0,0
Malachi Corley,NYJ,WR,0,0,0,0.0,6,46,7.7,0,32,310,9.7,2,191,0,0,0
Blake Corum,LAR,RB,0,0,0,0.0,85,363,4.3,3,12,82,6.8,1,63,0,0,0
Kirk Cousins,ATL,QB,655,4,2,6.8,7,7,1.0,1,0,0,0.0,0,0,0,0,0
Britain Covey,LAR,WR,0,0,0,0.0,0,0,0.0,0,0,0,0.0,0,0,0,0,0
Jacob Cowing,SF,WR,0,0,0,0.0,1,5,5.0,0,0,0,0.0,0,52,0,233,0
River Cracraft,FA,WR,0,0,0,0.0,0,0,0.0,0,0,0,0.0,0,0,0,0,0
Jamison Crowder,FA,WR,0,0,0,0.0,0,0,0.0,0,6,59,9.8,0,0,0,95,0
Devin Culp,TB,TE,0,0,0,0.0,0,0,0.0,0,13,128,9.8,1,0,0,0,0
DeeJay Dallas,ARI,RB,0,0,0,0.0,10,40,4.0,0,8,57,7.1,0,371,0,0,0
Andy Dalton,CAR,QB,203,1,1,6.8,2,8,4.0,0,0,0,0.0,0,0,0,0,0
Jayden Daniels,WAS,QB,3726,26,11,7.6,136,755,5.6,6,0,0,0.0,0,0,0,0,0
Jaelon Darden,FA,WR,0,0,0,0.0,0,0,0.0,0,0,0,0.0,0,131,0,111,0
Sam Darnold,SEA,QB,3677,22,14,6.9,48,201,4.2,2,0,0,0.0,0,0,0,0,0
Jaxson Dart,NYG,QB,822,5,4,6.5,17,70,4.1,1,0,0,0.0,0,0,0,0,0
Gabe Davis,FA,WR,0,0,0,0.0,0,0,0.0,0,31,431,13.9,3,0,0,0,0
Isaiah Davis,NYJ,RB,0,0,0,0.0,65,280,4.3,2,9,65,7.2,0,191,0,0,0
Ray Davis,BUF,RB,0,0,0,0.0,107,481,4.5,4,17,155,9.1,1,156,0,0,0
Caden Davis,NYJ,K,0,0,0,0.0,0,0,0.0,0,0,0,0.0,0,0,0,0,0
Derius Davis,LAC,WR,0,0,0,0.0,7,40,5.7,0,10,129,12.9,1,445,1,199,0
Tyrion Davis-Price,TEN,RB,0,0,0,0.0,0,0,0.0,0,0,0,0.0,0,0,0,0,0
Josiah Deguara,ARI,TE,0,0,0,0.0,0,0,0.0,0,0,0,0.0,0,0,0,0,0
Tank Dell,HOU,WR,0,0,0,0.0,1,2,2.0,0,11,139,12.6,1,0,0,20,0
Oscar Delp,FA,TE,0,0,0,0.0,0,0,0.0,0,0,0,0.0,0,0,0,0,0
Emari Demercado,ARI,RB,0,0,0,0.0,30,125,4.2,1,12,88,7.3,0,0,0,0,0
Tommy DeVito,NYG,QB,0,0,0,0.0,0,0,0.0,0,0,0,0.0,0,0,0,0,0
Cameron Dicker,LAC,K,0,0,0,0.0,0,0,0.0,0,0,0,0.0,0,0,0,0,0
Stefon Diggs,NE,WR,0,0,0,0.0,1,6,6.0,0,69,761,11.0,4,0,0,0,0
Chimere Dike,TEN,WR,0,0,0,0.0,2,12,6.0,0,23,329,14.3,2,0,0,0,0
AJ Dillon,PHI,RB,0,0,0,0.0,35,145,4.1,1,4,29,7.3,0,0,0,0,0
Will Dissly,LAC,TE,0,0,0,0.0,0,0,0.0,0,31,296,9.5,2,0,0,0,0
J.K. Dobbins,DEN,RB,0,0,0,0.0,130,546,4.2,5,27,191,7.1,1,0,0,0,0
Joshua Dobbs,NE,QB,196,1,1,6.5,5,26,5.2,0,0,0,0.0,0,0,0,0,0
Greg Dortch,ARI,WR,0,0,0,0.0,7,37,5.3,0,31,281,9.1,2,177,0,296,0
Jahan Dotson,PHI,WR,0,0,0,0.0,1,5,5.0,0,16,174,10.9,1,0,0,9,0
Romeo Doubs,GB,WR,0,0,0,0.0,0,0,0.0,0,39,488,12.5,4,0,0,0,0
DeMario Douglas,NE,WR,0,0,0,0.0,5,23,4.6,0,50,544,10.9,3,0,0,0,0
Rico Dowdle,CAR,RB,0,0,0,0.0,86,362,4.2,2,21,149,7.1,1,0,0,0,0
Josh Downs,IND,WR,0,0,0,0.0,1,5,5.0,0,66,768,11.6,4,0,0,104,0
Greg Dulcich,NYG,TE,0,0,0,0.0,0,0,0.0,0,2,19,9.5,0,0,0,0,0
Ashton Dulin,IND,WR,0,0,0,0.0,2,10,5.0,0,4,42,10.5,0,0,0,0,0
Payne Durham,TB,TE,0,0,0,0.0,0,0,0.0,0,9,88,9.8,1,0,0,0,0
Devin Duvernay,CHI,WR,0,0,0,0.0,2,11,5.5,0,3,30,10.0,0,138,0,166,1
Gus Edwards,FA,RB,0,0,0,0.0,35,144,4.1,1,4,28,7.0,0,0,0,0,0
Donovan Edwards,NYJ,RB,0,0,0,0.0,5,21,4.2,0,1,7,7.0,0,0,0,0,0
Clyde Edwards-Helaire,NO,RB,0,0,0,0.0,10,41,4.1,0,3,22,7.3,0,0,0,0,0
Emeka Egbuka,TB,WR,0,0,0,0.0,1,4,4.0,0,53,679,12.8,5,0,0,0,0
Sam Ehlinger,DEN,QB,0,0,0,0.0,0,0,0.0,0,0,0,0.0,0,0,0,0,0
Austin Ekeler,WAS,RB,0,0,0,0.0,89,382,4.3,3,29,223,7.7,1,320,1,0,0
Jake Elliott,PHI,K,0,0,0,0.0,0,0,0.0,0,0,0,0.0,0,0,0,0,0
Ezekiel Elliott,FA,RB,0,0,0,0.0,10,40,4.0,0,3,21,7.0,0,0,0,0,0
Evan Engram,DEN,TE,0,0,0,0.0,0,0,0.0,0,65,606,9.3,4,0,0,0,0
Alex Erickson,FA,WR,0,0,0,0.0,0,0,0.0,0,0,0,0.0,0,131,0,44,0
Zach Ertz,WAS,TE,0,0,0,0.0,0,0,0.0,0,56,531,9.5,4,0,0,0,0
Dee Eskridge,MIA,WR,0,0,0,0.0,0,0,0.0,0,0,0,0.0,0,109,0,0,0
Audric Estime,DEN,RB,0,0,0,0.0,25,103,4.1,1,6,44,7.3,0,0,0,0,0
Trevor Etienne,CAR,RB,0,0,0,0.0,43,180,4.2,1,11,83,7.5,1,0,0,0,0
Travis Etienne,JAX,RB,0,0,0,0.0,150,645,4.3,4,40,301,7.5,2,0,0,0,0
Mike Evans,TB,WR,0,0,0,0.0,0,0,0.0,0,73,1043,14.3,9,0,0,0,0
Mitchell Evans,CAR,TE,0,0,0,0.0,0,0,0.0,0,12,122,10.2,1,0,0,0,0
Gerald Everett,FA,TE,0,0,0,0.0,0,0,0.0,0,11,107,9.7,1,0,0,0,0
Quinn Ewers,MIA,QB,0,0,0,0.0,0,0,0.0,0,0,0,0.0,0,0,0,0,0
Ka'imi Fairbairn,HOU,K,0,0,0,0.0,0,0,0.0,0,0,0,0.0,0,0,0,0,0
Harold Fannin,CLE,TE,0,0,0,0.0,0,0,0.0,0,30,295,9.8,2,0,0,0,0
Noah Fant,SEA,TE,0,0,0,0.0,0,0,0.0,0,35,362,10.3,2,0,0,0,0
Tai Felton,MIN,WR,0,0,0,0.0,2,15,7.5,0,25,317,12.7,2,0,0,0,0
Terrance Ferguson,LAR,TE,0,0,0,0.0,0,0,0.0,0,22,226,10.3,2,0,0,0,0
Jake Ferguson,DAL,TE,0,0,0,0.0,0,0,0.0,0,62,612,9.9,4,0,0,0,0
Justin Fields,NYJ,QB,2981,16,9,6.9,142,798,5.6,7,0,0,0.0,0,0,0,0,0
Tucker Fisk,LAC,TE,0,0,0,0.0,0,0,0.0,0,9,89,9.9,1,0,0,0,0
Ryan Fitzgerald,CAR,K,0,0,0,0.0,0,0,0.0,0,0,0,0.0,0,0,0,0,0
Joe Flacco,CLE,QB,2040,11,9,6.9,18,68,3.8,2,0,0,0.0,0,0,0,0,0
Zay Flowers,BAL,WR,0,0,0,0.0,8,43,5.4,0,70,919,13.1,5,0,0,0,0
Nick Folk,FA,K,0,0,0,0.0,0,0,0.0,0,0,0,0.0,0,0,0,0,0
Jerome Ford,CLE,RB,0,0,0,0.0,82,340,4.1,2,23,166,7.2,1,105,0,0,0
D'Onta Foreman,FA,RB,0,0,0,0.0,0,0,0.0,0,0,0,0.0,0,0,0,0,0
Jody Fortson,FA,TE,0,0,0,0.0,0,0,0.0,0,0,0,0.0,0,0,0,0,0
Troy Franklin,DEN,WR,0,0,0,0.0,1,4,4.0,0,28,389,13.9,3,0,0,0,0
Pat Freiermuth,PIT,TE,0,0,0,0.0,0,0,0.0,0,46,461,10.0,3,0,0,0,0
Dillon Gabriel,CLE,QB,410,2,2,6.4,4,24,6.0,0,0,0,0.0,0,0,0,0,0
Oronde Gadsden,LAC,TE,0,0,0,0.0,0,0,0.0,0,12,121,10.1,1,0,0,0,0
Kenneth Gainwell,PIT,RB,0,0,0,0.0,37,155,4.2,1,10,72,7.2,1,228,0,0,0
Graham Gano,NYG,K,0,0,0,0.0,0,0,0.0,0,0,0,0.0,0,0,0,0,0
Jimmy Garoppolo,LAR,QB,198,1,1,6.6,2,6,3.0,0,0,0,0.0,0,0,0,0,0
Matt Gay,WAS,K,0,0,0,0.0,0,0,0.0,0,0,0,0.0,0,0,0,0,0
Mike Gesicki,CIN,TE,0,0,0,0.0,0,0,0.0,0,55,569,10.3,3,0,0,0,0
Jahmyr Gibbs,DET,RB,0,0,0,0.0,235,1231,5.2,12,50,412,8.2,2,0,0,0,0
Antonio Gibson,NE,RB,0,0,0,0.0,35,146,4.2,1,15,107,7.1,1,115,0,0,0
DJ Giddens,IND,RB,0,0,0,0.0,60,252,4.2,2,10,75,7.5,0,0,0,0,0
Xavier Gipson,NYJ,WR,0,0,0,0.0,1,5,5.0,0,6,62,10.3,0,351,0,221,1
Chris Godwin,TB,WR,0,0,0,0.0,1,5,5.0,0,76,832,10.9,6,0,0,0,0
Dallas Goedert,PHI,TE,0,0,0,0.0,0,0,0.0,0,60,655,10.9,4,0,0,0,0
Jared Goff,DET,QB,4231,32,11,8.0,31,63,2.0,1,0,0,0.0,0,0,0,0,0
Matthew Golden,GB,WR,0,0,0,0.0,5,26,5.2,0,59,800,13.6,5,0,0,0,0
Zane Gonzalez,FA,K,0,0,0,0.0,0,0,0.0,0,0,0,0.0,0,0,0,0,0
Tyler Goodson,IND,RB,0,0,0,0.0,24,103,4.3,1,12,86,7.2,0,196,0,0,0
Ollie Gordon,MIA,RB,0,0,0,0.0,63,265,4.2,2,8,58,7.3,0,0,0,0,0
Frank Gore,BUF,RB,0,0,0,0.0,0,0,0.0,0,0,0,0.0,0,0,0,0,0
Anthony Gould,IND,WR,0,0,0,0.0,1,5,5.0,0,4,45,11.3,0,220,0,95,0
Kylen Granson,PHI,TE,0,0,0,0.0,0,0,0.0,0,12,123,10.3,1,0,0,0,0
Noah Gray,KC,TE,0,0,0,0.0,0,0,0.0,0,35,353,10.1,3,0,0,0,0
Danny Gray,PHI,WR,0,0,0,0.0,0,0,0.0,0,0,0,0.0,0,0,0,0,0
Eric Gray,NYG,RB,0,0,0,0.0,7,29,4.1,0,3,22,7.3,0,371,1,0,0
Blake Grupe,NO,K,0,0,0,0.0,0,0,0.0,0,0,0,0.0,0,0,0,0,0
Isaac Guerendo,SF,RB,0,0,0,0.0,103,443,4.3,3,14,102,7.3,1,233,0,0,0
Breece Hall,NYJ,RB,0,0,0,0.0,235,1051,4.5,7,40,300,7.5,1,0,0,0,0
Jaren Hall,FA,QB,0,0,0,0.0,0,0,0.0,0,0,0,0.0,0,0,0,0,0
Omarion Hampton,LAC,RB,0,0,0,0.0,231,1039,4.5,7,38,265,7.0,1,0,0,0,0
Mecole Hardman,GB,WR,0,0,0,0.0,2,11,5.5,0,7,73,10.4,1,222,0,122,0
Tre Harris,LAC,WR,0,0,0,0.0,1,4,4.0,0,51,671,13.2,4,0,0,0,0
Najee Harris,LAC,RB,0,0,0,0.0,165,692,4.2,5,26,179,6.9,1,0,0,0,0
Marvin Harrison,ARI,WR,0,0,0,0.0,0,0,0.0,0,72,1034,14.4,7,0,0,0,0
Sam Hartman,WAS,QB,0,0,0,0.0,0,0,0.0,0,0,0,0.0,0,0,0,0,0
Deonte Harty,FA,WR,0,0,0,0.0,1,5,5.0,0,0,0,0.0,0,155,0,80,0
RJ Harvey,DEN,RB,0,0,0,0.0,195,830,4.3,6,35,252,7.2,1,0,0,0,0
Hassan Haskins,LAC,RB,0,0,0,0.0,8,33,4.1,0,1,7,7.0,0,0,0,0,0
JaMycal Hasty,FA,RB,0,0,0,0.0,10,41,4.1,0,6,42,7.0,0,158,0,0,0
Jackson Hawes,BUF,TE,0,0,0,0.0,0,0,0.0,0,11,101,9.2,1,0,0,0,0
Malik Heath,GB,WR,0,0,0,0.0,0,0,0.0,0,2,23,11.5,0,0,0,0,0
Taylor Heinicke,LAC,QB,194,1,1,6.5,2,8,4.0,0,0,0,0.0,0,0,0,0,0
Gunnar Helm,TEN,TE,0,0,0,0.0,0,0,0.0,0,16,164,10.3,1,0,0,0,0
Peyton Hendershot,FA,TE,0,0,0,0.0,0,0,0.0,0,0,0,0.0,0,0,0,0,0
TreVeyon Henderson,NE,RB,0,0,0,0.0,207,884,4.3,5,34,251,7.4,1,0,0,0,0
Hunter Henry,NE,TE,0,0,0,0.0,0,0,0.0,0,54,564,10.4,4,0,0,0,0
Derrick Henry,BAL,RB,0,0,0,0.0,285,1542,5.4,13,15,143,9.5,1,0,0,0,0
Justin Herbert,LAC,QB,3735,25,9,7.3,58,254,4.4,3,0,0,0.0,0,0,0,0,0
Khalil Herbert,IND,RB,0,0,0,0.0,54,228,4.2,2,7,51,7.3,0,30,0,0,0
Connor Heyward,PIT,TE,0,0,0,0.0,0,0,0.0,0,0,0,0.0,0,0,0,0,0
Tyler Higbee,LAR,TE,0,0,0,0.0,0,0,0.0,0,30,291,9.7,2,0,0,0,0
Tee Higgins,CIN,WR,0,0,0,0.0,0,0,0.0,0,77,1007,13.1,7,0,0,0,0
Jayden Higgins,HOU,WR,0,0,0,0.0,0,0,0.0,0,54,679,12.6,5,0,0,0,0
Elijah Higgins,ARI,TE,0,0,0,0.0,0,0,0.0,0,18,181,10.1,1,0,0,0,0
Justice Hill,BAL,RB,0,0,0,0.0,35,165,4.7,1,32,254,7.9,2,0,0,0,0
Tyreek Hill,MIA,WR,0,0,0,0.0,8,0,0.0,0,88,1137,12.9,7,0,0,34,0
Taysom Hill,NO,TE,0,0,0,0.0,30,125,4.2,2,5,50,10.0,0,0,0,0,0
Julian Hill,MIA,TE,0,0,0,0.0,0,0,0.0,0,14,140,10.0,1,0,0,0,0
T.J. Hockenson,MIN,TE,0,0,0,0.0,0,0,0.0,0,70,748,10.7,5,0,0,0,0
KhaDarel Hodge,ATL,WR,0,0,0,0.0,0,0,0.0,0,12,145,12.1,1,0,0,0,0
Isaiah Hodgins,SF,WR,0,0,0,0.0,0,0,0.0,0,0,0,0.0,0,0,0,0,0
Dallin Holker,NO,TE,0,0,0,0.0,0,0,0.0,0,0,0,0.0,0,0,0,0,0
Mack Hollins,NE,WR,0,0,0,0.0,0,0,0.0,0,18,230,12.8,2,0,0,0,0
Travis Homer,CHI,RB,0,0,0,0.0,5,22,4.4,0,2,15,7.5,0,27,0,0,0
Hendon Hooker,DET,QB,207,1,1,6.9,3,16,5.3,0,0,0,0.0,0,0,0,0,0
Austin Hooper,NE,TE,0,0,0,0.0,0,0,0.0,0,22,215,9.8,1,0,0,0,0
DeAndre Hopkins,BAL,WR,0,0,0,0.0,0,0,0.0,0,36,429,11.9,3,0,0,0,0
Dustin Hopkins,CLE,K,0,0,0,0.0,0,0,0.0,0,0,0,0.0,0,0,0,0,0
Tory Horton,SEA,WR,0,0,0,0.0,0,0,0.0,0,29,359,12.4,2,0,0,0,0
Will Howard,PIT,QB,0,0,0,0.0,0,0,0.0,0,0,0,0.0,0,0,0,0,0
Sam Howell,MIN,QB,0,0,0,0.0,0,0,0.0,0,0,0,0.0,0,0,0,0,0
Chuba Hubbard,CAR,RB,0,0,0,0.0,240,1046,4.4,7,37,272,7.4,1,0,0,0,0
Tanner Hudson,CIN,TE,0,0,0,0.0,0,0,0.0,0,11,109,9.9,1,0,0,0,0
Kobe Hudson,CAR,WR,0,0,0,0.0,0,0,0.0,0,0,0,0.0,0,0,0,0,0
Lil'Jordan Humphrey,NYG,WR,0,0,0,0.0,0,0,0.0,0,12,126,10.5,1,0,0,0,0
Kareem Hunt,KC,RB,0,0,0,0.0,63,254,4.0,2,10,72,7.2,1,0,0,0,0
Jarquez Hunter,LAR,RB,0,0,0,0.0,57,240,4.2,2,8,53,6.6,0,0,0,0,0
Travis Hunter,JAX,WR,0,0,0,0.0,8,30,3.8,0,72,965,13.4,6,0,0,0,0
Tyler Huntley,FA,QB,197,1,1,6.6,3,15,5.0,0,0,0,0.0,0,0,0,0,0
Caleb Huntley,FA,RB,0,0,0,0.0,0,0,0.0,0,0,0,0.0,0,0,0,0,0
Hayden Hurst,FA,TE,0,0,0,0.0,0,0,0.0,0,0,0,0.0,0,0,0,0,0
Jalen Hurts,PHI,QB,3314,21,9,7.5,152,535,3.5,14,0,0,0.0,0,0,0,0,0
Xavier Hutchinson,HOU,WR,0,0,0,0.0,0,0,0.0,0,0,0,0.0,0,0,0,0,0
Jalin Hyatt,NYG,WR,0,0,0,0.0,0,0,0.0,0,10,145,14.5,1,0,0,0,0
Alec Inglod,MIA,RB,0,0,0,0.0,6,10,1.7,0,6,41,6.8,1,0,0,0,0
Andrei Iosivas,CIN,WR,0,0,0,0.0,0,0,0.0,0,26,304,11.7,2,0,0,0,0
Bucky Irving,TB,RB,0,0,0,0.0,229,1095,4.8,9,45,334,7.4,2,0,0,0,0
Trenton Irwin,JAX,WR,0,0,0,0.0,0,0,0.0,0,0,0,0.0,0,0,0,0,0
Jha'Quan Jackson,TEN,WR,0,0,0,0.0,1,5,5.0,0,1,11,11.0,0,434,0,194,1
Jeremaine Jackson,FA,WR,0,0,0,0.0,1,6,6.0,0,2,21,10.5,0,191,0,28,0
Ja'Quinden Jackson,JAX,RB,0,0,0,0.0,0,0,0.0,0,0,0,0.0,0,0,0,0,0
Lamar Jackson,BAL,QB,3619,30,9,8.2,129,760,5.9,4,0,0,0.0,0,0,0,0,0
Josh Jacobs,GB,RB,0,0,0,0.0,257,1139,4.4,10,40,306,7.7,2,0,0,0,0
Richie James,FA,WR,0,0,0,0.0,0,0,0.0,0,0,0,0.0,0,0,0,0,0
Jordan James,SF,RB,0,0,0,0.0,54,230,4.3,2,7,52,7.4,0,0,0,0,0
Rakim Jarrett,TB,WR,0,0,0,0.0,1,5,5.0,0,2,25,12.5,0,130,0,0,0
Ashton Jeanty,LV,RB,0,0,0,0.0,280,1235,4.4,8,43,319,7.4,2,0,0,0,0
Van Jefferson,TEN,WR,0,0,0,0.0,0,0,0.0,0,12,128,10.7,1,0,0,0,0
Justin Jefferson,MIN,WR,0,0,0,0.0,2,13,6.5,0,101,1455,14.4,8,0,0,0,0
Jauan Jennings,SF,WR,0,0,0,0.0,0,0,0.0,0,67,875,13.1,6,0,0,0,0
Jerry Jeudy,CLE,WR,0,0,0,0.0,1,5,5.0,0,71,935,13.2,5,0,0,0,0
Roschon Johnson,CHI,RB,0,0,0,0.0,53,221,4.2,2,25,175,7.0,1,28,0,0,0
Theo Johnson,NYG,TE,0,0,0,0.0,0,0,0.0,0,41,409,10.0,2,0,0,0,0
Tez Johnson,TB,WR,0,0,0,0.0,1,4,4.0,0,13,159,12.2,1,0,0,0,0
Kaleb Johnson,PIT,RB,0,0,0,0.0,193,820,4.2,6,25,182,7.3,1,0,0,0,0
D'Ernest Johnson,FA,RB,0,0,0,0.0,10,42,4.2,0,6,42,7.0,0,0,0,0,0
Josh Johnson,WAS,QB,198,1,1,6.6,3,15,5.0,0,0,0,0.0,0,0,0,0,0
Juwan Johnson,NO,TE,0,0,0,0.0,0,0,0.0,0,40,429,10.7,3,0,0,0,0
Tyler Johnson,NYJ,WR,0,0,0,0.0,0,0,0.0,0,0,0,0.0,0,0,0,0,0
Ty Johnson,BUF,RB,0,0,0,0.0,43,189,4.4,1,13,128,9.8,1,164,0,0,0
Diontae Johnson,CLE,WR,0,0,0,0.0,0,0,0.0,0,35,379,10.8,2,0,0,0,0
Montrell Johnson,PHI,RB,0,0,0,0.0,30,126,4.2,1,3,22,7.3,0,0,0,0,0
Quentin Johnston,LAC,WR,0,0,0,0.0,2,9,4.5,0,43,569,13.2,4,0,0,0,0
Charlie Jones,CIN,WR,0,0,0,0.0,0,0,0.0,0,0,0,0.0,0,101,0,83,0
Tim Jones,MIN,WR,0,0,0,0.0,0,0,0.0,0,0,0,0.0,0,0,0,0,0
Mac Jones,SF,QB,211,1,1,6.6,2,7,3.5,0,0,0,0.0,0,0,0,0,0
Daniel Jones,IND,QB,793,4,3,6.6,23,116,5.0,1,0,0,0.0,0,0,0,0,0
Zay Jones,ARI,WR,0,0,0,0.0,1,6,6.0,0,11,129,11.7,1,0,0,0,0
Aaron Jones,MIN,RB,0,0,0,0.0,186,798,4.3,4,36,270,7.5,2,0,0,0,0
Brevin Jordan,HOU,TE,0,0,0,0.0,0,0,0.0,0,10,102,10.2,1,0,0,0,0
Jawhar Jordan,HOU,RB,0,0,0,0.0,0,0,0.0,0,0,0,0.0,0,0,0,0,0
Greg Joseph,SF,K,0,0,0,0.0,0,0,0.0,0,0,0,0.0,0,0,0,0,0
Quinshon Judkins,CLE,RB,0,0,0,0.0,223,938,4.2,6,27,196,7.3,1,0,0,0,0
Kyle Juszczyk,SF,RB,0,0,0,0.0,6,22,3.7,0,12,106,8.8,1,0,0,0,0
Alvin Kamara,NO,RB,0,0,0,0.0,198,813,4.1,5,56,405,7.2,2,0,0,0,0
Joshua Karty,LAR,K,0,0,0,0.0,0,0,0.0,0,0,0,0.0,0,0,0,0,0
Case Keenum,CHI,QB,0,0,0,0.0,0,0,0.0,0,0,0,0.0,0,0,0,0,0
Travis Kelce,KC,TE,0,0,0,0.0,1,1,1.0,0,71,702,9.9,5,0,0,0,0
Joshua Kelley,FA,RB,0,0,0,0.0,0,0,0.0,0,0,0,0.0,0,0,0,0,0
Ko Kieft,TB,TE,0,0,0,0.0,0,0,0.0,0,0,0,0.0,0,0,0,0,0
Dalton Kincaid,BUF,TE,0,0,0,0.0,0,0,0.0,0,58,585,10.1,3,0,0,0,0
Corey Kiner,SF,RB,0,0,0,0.0,5,21,4.2,0,1,7,7.0,0,0,0,0,0
Christian Kirk,HOU,WR,0,0,0,0.0,1,5,5.0,0,59,694,11.8,4,0,0,0,0
George Kittle,SF,TE,0,0,0,0.0,0,0,0.0,0,70,970,13.9,7,0,0,0,0
Cole Kmet,CHI,TE,0,0,0,0.0,0,0,0.0,0,32,330,10.3,2,0,0,0,0
Dawson Knox,BUF,TE,0,0,0,0.0,0,0,0.0,0,22,237,10.8,2,0,0,0,0
Charlie Kolar,BAL,TE,0,0,0,0.0,1,1,1.0,0,10,97,9.7,1,0,0,0,0
Younghoe Koo,ATL,K,0,0,0,0.0,0,0,0.0,0,0,0,0.0,0,0,0,0,0
Tucker Kraft,GB,TE,0,0,0,0.0,0,0,0.0,0,56,596,10.6,4,0,0,0,0
Lucas Krull,DEN,TE,0,0,0,0.0,0,0,0.0,0,13,130,10.0,1,0,0,0,0
Brant Kuithe,FA,TE,0,0,0,0.0,0,0,0.0,0,0,0,0.0,0,0,0,0,0
Cooper Kupp,SEA,WR,0,0,0,0.0,2,11,5.5,0,67,703,10.5,5,0,0,0,0
Luke Lachey,HOU,TE,0,0,0,0.0,0,0,0.0,0,0,0,0.0,0,0,0,0,0
CeeDee Lamb,DAL,WR,0,0,0,0.0,14,81,5.8,1,104,1225,11.8,8,0,0,0,0
KeAndre Lambert-Smith,LAC,WR,0,0,0,0.0,0,0,0.0,0,3,36,12.0,0,0,0,0,0
Trey Lance,LAC,QB,187,1,1,6.4,7,39,5.6,0,0,0,0.0,0,0,0,0,0
Jaylin Lane,WAS,WR,0,0,0,0.0,0,0,0.0,0,23,275,12.0,2,0,0,0,0
Sam LaPorta,DET,TE,0,0,0,0.0,0,0,0.0,0,70,782,11.2,6,0,0,0,0
Dylan Laube,LV,RB,0,0,0,0.0,6,25,4.2,0,3,22,7.3,0,43,0,0,0
Trevor Lawrence,JAX,QB,3970,25,13,7.0,59,245,4.2,3,0,0,0.0,0,0,0,0,0
Allen Lazard,NYJ,WR,0,0,0,0.0,0,0,0.0,0,32,410,12.8,3,0,0,0,0
Xavier Legette,CAR,WR,0,0,0,0.0,4,18,4.5,0,34,431,12.7,3,0,0,0,0
Riley Leonard,IND,QB,0,0,0,0.0,0,0,0.0,0,0,0,0.0,0,0,0,0,0
Will Levis,TEN,QB,406,2,2,6.8,7,25,3.6,0,0,0,0.0,0,0,0,0,0
Isaiah Likely,BAL,TE,0,0,0,0.0,0,0,0.0,0,41,455,11.1,4,0,0,0,0
Cam Little,JAX,K,0,0,0,0.0,0,0,0.0,0,0,0,0.0,0,0,0,0,0
MarShawn Lloyd,GB,RB,0,0,0,0.0,70,300,4.3,2,11,80,7.3,0,0,0,0,0
Drew Lock,SEA,QB,200,1,1,6.7,2,8,4.0,0,0,0,0.0,0,0,0,0,0
Tyler Lockett,TEN,WR,0,0,0,0.0,0,0,0.0,0,38,416,10.9,3,0,0,0,0
Drake London,ATL,WR,0,0,0,0.0,2,11,5.5,0,91,1131,12.4,7,0,0,0,0
Tyler Loop,BAL,K,0,0,0,0.0,0,0,0.0,0,0,0,0.0,0,0,0,0,0
Jordan Love,GB,QB,3907,26,12,7.5,35,166,4.7,2,0,0,0.0,0,0,0,0,0
Colston Loveland,CHI,TE,0,0,0,0.0,0,0,0.0,0,62,628,10.1,4,0,0,0,0
Hunter Luepke,DAL,RB,0,0,0,0.0,2,8,4.0,0,5,38,7.6,1,0,0,0,0
Wil Lutz,DEN,K,0,0,0,0.0,0,0,0.0,0,0,0,0.0,0,0,0,0,0
Phil Mafah,DAL,RB,0,0,0,0.0,5,21,4.2,0,1,7,7.0,0,0,0,0,0
Patrick Mahomes,KC,QB,4231,31,12,7.1,51,271,5.3,2,0,0,0.0,0,0,0,0,0
Will Mallory,IND,TE,0,0,0,0.0,0,0,0.0,0,11,101,9.2,1,0,0,0,0
Chris Manhertz,NYG,TE,0,0,0,0.0,0,0,0.0,0,2,19,9.5,0,0,0,0,0
Marcus Mariota,WAS,QB,199,1,1,6.6,4,22,5.5,0,0,0,0.0,0,0,0,0,0
Woody Marks,HOU,RB,0,0,0,0.0,41,170,4.1,1,7,49,7.0,0,0,0,0,0
Terrace Marshall,PHI,WR,0,0,0,0.0,0,0,0.0,0,0,0,0.0,0,0,0,0,0
Damien Martinez,SEA,RB,0,0,0,0.0,41,170,4.1,1,6,43,7.2,0,0,0,0,0
Jordan Mason,MIN,RB,0,0,0,0.0,160,681,4.3,5,20,145,7.3,1,194,0,0,0
Alexander Mattison,MIA,RB,0,0,0,0.0,39,160,4.1,1,6,42,7.0,0,0,0,0,0
Drake Maye,NE,QB,3528,23,13,7.0,84,455,5.4,4,0,0,0.0,0,0,0,0,0
Michael Mayer,LV,TE,0,0,0,0.0,0,0,0.0,0,29,285,9.8,2,0,0,0,0
Baker Mayfield,TB,QB,4009,31,13,7.3,51,235,4.6,3,0,0,0.0,0,0,0,0,0
DeWayne McBride,FA,RB,0,0,0,0.0,0,0,0.0,0,0,0,0.0,0,0,0,0,0
Trey McBride,ARI,TE,0,0,0,0.0,1,3,3.0,0,96,982,10.2,6,0,0,0,0
Luke McCaffrey,WAS,WR,0,0,0,0.0,1,4,4.0,0,16,154,9.6,1,77,0,14,0
Christian McCaffrey,SF,RB,0,0,0,0.0,215,972,4.5,8,61,498,8.2,3,0,0,0,0
J.J. McCarthy,MIN,QB,3810,26,13,7.2,75,330,4.4,2,0,0,0.0,0,0,0,0,0
Jase McClellan,FA,RB,0,0,0,0.0,8,34,4.3,0,2,14,7.0,0,0,0,0,0
Ray-Ray McCloud,ATL,WR,0,0,0,0.0,7,36,5.1,0,25,245,9.8,2,321,0,0,0
Ladd McConkey,LAC,WR,0,0,0,0.0,1,7,7.0,0,88,1114,12.7,7,0,0,19,0
Kyle McCord,PHI,QB,0,0,0,0.0,0,0,0.0,0,0,0,0.0,0,0,0,0,0
Kenny McIntosh,SEA,RB,0,0,0,0.0,30,125,4.2,1,6,44,7.3,0,161,0,0,0
Tanner McKee,PHI,QB,209,1,1,6.7,4,14,3.5,0,0,0,0.0,0,0,0,0,0
Isaiah McKenzie,FA,WR,0,0,0,0.0,0,0,0.0,0,0,0,0.0,0,0,0,0,0
Jaleel McLaughlin,DEN,RB,0,0,0,0.0,40,165,4.1,1,19,138,7.3,1,0,0,0,0
Chase McLaughlin,TB,K,0,0,0,0.0,0,0,0.0,0,0,0,0.0,0,0,0,0,0
Terry McLaurin,WAS,WR,0,0,0,0.0,1,5,5.0,0,79,1121,14.2,8,0,0,0,0
Brandon McManus,GB,K,0,0,0,0.0,0,0,0.0,0,0,0,0.0,0,0,0,0,0
Jalen McMillan,TB,WR,0,0,0,0.0,3,21,7.0,0,45,585,13.0,4,0,0,0,0
Tetairoa McMillan,CAR,WR,0,0,0,0.0,5,27,5.4,0,77,933,12.1,5,0,0,0,0
Jeremy McNichols,WAS,RB,0,0,0,0.0,10,41,4.1,0,1,7,7.0,0,158,0,0,0
Evan McPherson,CIN,K,0,0,0,0.0,0,0,0.0,0,0,0,0.0,0,0,0,0,0
Bub Means,NO,WR,0,0,0,0.0,1,5,5.0,0,12,135,11.3,1,0,0,0,0
Bo Melton,GB,WR,0,0,0,0.0,4,22,5.5,0,9,125,13.9,1,0,0,0,0
DK Metcalf,PIT,WR,0,0,0,0.0,0,0,0.0,0,69,1000,14.5,7,0,0,0,0
John Metchie,HOU,WR,0,0,0,0.0,1,2,2.0,0,10,103,10.3,1,0,0,0,0
Harrison Mevis,NYJ,K,0,0,0,0.0,0,0,0.0,0,0,0,0.0,0,0,0,0,0
Jakobi Meyers,LV,WR,14,0,0,7.0,2,12,6.0,0,74,859,11.6,5,0,0,0,0
Scotty Miller,PIT,WR,0,0,0,0.0,0,0,0.0,0,0,0,0.0,0,0,0,0,0
Ryan Miller,TB,WR,0,0,0,0.0,0,0,0.0,0,0,0,0.0,0,0,0,0,0
Kendre Miller,NO,RB,0,0,0,0.0,65,269,4.1,2,8,56,7.0,0,77,0,0,0
Davis Mills,HOU,QB,199,1,1,6.6,2,7,3.5,0,0,0,0.0,0,0,0,0,0
Jalen Milroe,SEA,QB,388,2,2,6.6,16,84,5.3,1,0,0,0.0,0,0,0,0,0
Joe Milton,DAL,QB,193,1,1,6.4,5,28,5.6,0,0,0,0.0,0,0,0,0,0
Marvin Mims,DEN,WR,0,0,0,0.0,14,86,6.1,1,54,675,12.5,5,225,0,265,1
Jonathan Mingo,DAL,WR,0,0,0,0.0,0,0,0.0,0,4,43,10.8,0,0,0,0,0
Gardner Minshew,KC,QB,228,2,1,6.7,4,13,3.3,0,0,0,0.0,0,0,0,0,0
Elijah Mitchell,KC,RB,0,0,0,0.0,41,176,4.3,1,6,44,7.3,0,37,0,0,0
Adonai Mitchell,IND,WR,0,0,0,0.0,3,18,6.0,0,30,436,14.5,3,0,0,0,0
Keaton Mitchell,BAL,RB,0,0,0,0.0,33,156,4.7,1,7,53,7.6,0,226,0,0,0
Joe Mixon,HOU,RB,0,0,0,0.0,235,966,4.1,8,37,273,7.4,1,0,0,0,0
Kyle Monangai,CHI,RB,0,0,0,0.0,64,264,4.1,2,10,72,7.2,0,0,0,0,0
David Montgomery,DET,RB,0,0,0,0.0,185,797,4.3,9,23,173,7.5,1,0,0,0,0
Jake Moody,SF,K,0,0,0,0.0,0,0,0.0,0,0,0,0.0,0,0,0,0,0
Darnell Mooney,ATL,WR,0,0,0,0.0,1,5,5.0,0,59,805,13.6,5,0,0,0,0
Elijah Moore,BUF,WR,0,0,0,0.0,1,5,5.0,0,19,195,10.3,1,0,0,0,0
Chris Moore,WAS,WR,0,0,0,0.0,0,0,0.0,0,1,14,14.0,0,0,0,0,0
David Moore,CAR,WR,0,0,0,0.0,0,0,0.0,0,10,133,13.3,1,0,0,0,0
DJ Moore,CHI,WR,0,0,0,0.0,8,42,5.3,0,80,971,12.1,5,0,0,0,0
Rondale Moore,MIN,WR,0,0,0,0.0,4,21,5.3,0,3,30,10.0,0,0,0,0,0
Skyy Moore,KC,WR,0,0,0,0.0,0,0,0.0,0,0,0,0.0,0,79,0,0,0
Foster Moreau,NO,TE,0,0,0,0.0,0,0,0.0,0,16,154,9.6,1,0,0,0,0
Quinton Morris,JAX,TE,0,0,0,0.0,0,0,0.0,0,12,115,9.6,1,0,0,0,0
Le'Veon Moss,FA,RB,0,0,0,0.0,0,0,0.0,0,0,0,0.0,0,0,0,0,0
Zack Moss,CIN,RB,0,0,0,0.0,55,229,4.2,2,14,96,6.9,1,0,0,0,0
Raheem Mostert,LV,RB,0,0,0,0.0,79,333,4.2,2,12,86,7.2,1,41,0,0,0
Nick Mullens,JAX,QB,231,2,1,6.8,2,8,4.0,0,0,0,0.0,0,0,0,0,0
Kalel Mullings,TEN,RB,0,0,0,0.0,40,167,4.2,1,4,29,7.3,0,0,0,0,0
Johnny Mundt,JAX,TE,0,0,0,0.0,0,0,0.0,0,12,114,9.5,1,0,0,0,0
Kyler Murray,ARI,QB,3612,21,11,7.0,86,488,5.7,5,0,0,0.0,0,0,0,0,0
Luke Musgrave,GB,TE,0,0,0,0.0,0,0,0.0,0,17,187,11.0,1,0,0,0,0
Jason Myers,SEA,K,0,0,0,0.0,0,0,0.0,0,0,0,0.0,0,0,0,0,0
Malik Nabers,NYG,WR,0,0,0,0.0,6,32,5.3,0,100,1205,12.1,7,0,0,0,0
Puka Nacua,LAR,WR,0,0,0,0.0,13,75,5.8,1,97,1237,12.8,7,0,0,0,0
Jalen Nailor,MIN,WR,0,0,0,0.0,3,18,6.0,0,30,383,12.8,3,0,0,0,0
Brayden Narveson,FA,K,0,0,0,0.0,0,0,0.0,0,0,0,0.0,0,0,0,0,0
Devin Neal,NO,RB,0,0,0,0.0,74,310,4.2,2,12,86,7.2,1,0,0,0,0
Bryson Nesbit,MIN,TE,0,0,0,0.0,0,0,0.0,0,0,0,0.0,0,0,0,0,0
Isaiah Neyor,SF,WR,0,0,0,0.0,0,0,0.0,0,2,24,12.0,0,0,0,0,0
Bo Nix,DEN,QB,3807,27,12,7.1,82,402,4.9,4,0,0,0.0,0,0,0,0,0
David Njoku,CLE,TE,0,0,0,0.0,0,0,0.0,0,65,651,10.0,4,0,0,0,0
Jaylin Noel,HOU,WR,0,0,0,0.0,0,0,0.0,0,35,411,11.7,3,0,0,0,0
Kene Nwangwu,NYJ,RB,0,0,0,0.0,0,0,0.0,0,0,0,0.0,0,138,0,0,0
Aidan O'Connell,LV,QB,222,1,1,6.7,1,4,4.0,0,0,0,0.0,0,0,0,0,0
Rome Odunze,CHI,WR,0,0,0,0.0,2,10,5.0,0,67,901,13.4,6,0,0,0,0
Drew Ogletree,IND,TE,0,0,0,0.0,0,0,0.0,0,3,30,10.0,0,0,0,0,0
Dare Ogunbowale,HOU,RB,0,0,0,0.0,15,60,4.0,0,15,107,7.1,1,0,0,0,0
Chig Okonkwo,TEN,TE,0,0,0,0.0,1,5,5.0,0,46,445,9.7,3,0,0,0,0
Chris Olave,NO,WR,0,0,0,0.0,1,5,5.0,0,66,861,13.0,5,0,0,0,0
Josh Oliver,MIN,TE,0,0,0,0.0,0,0,0.0,0,11,110,10.0,1,0,0,0,0
K.J. Osborn,WAS,WR,0,0,0,0.0,0,0,0.0,0,0,0,0.0,0,0,0,0,0
Cade Otton,TB,TE,0,0,0,0.0,0,0,0.0,0,46,462,10.0,3,0,0,0,0
Isiah Pacheco,KC,RB,0,0,0,0.0,198,837,4.2,6,31,228,7.4,1,0,0,0,0
Trey Palmer,TB,WR,0,0,0,0.0,0,0,0.0,0,2,25,12.5,0,51,0,161,0
Joshua Palmer,BUF,WR,0,0,0,0.0,0,0,0.0,0,47,614,13.1,4,0,0,0,0
Donald Parham,PIT,TE,0,0,0,0.0,0,0,0.0,0,0,0,0.0,0,0,0,0,0
Colby Parkinson,LAR,TE,0,0,0,0.0,0,0,0.0,0,12,122,10.2,1,0,0,0,0
Zach Pascal,NYG,WR,0,0,0,0.0,0,0,0.0,0,0,0,0.0,0,0,0,0,0
Tim Patrick,DET,WR,0,0,0,0.0,0,0,0.0,0,15,180,12.0,1,0,0,0,0
Cordarrelle Patterson,PIT,RB,0,0,0,0.0,30,130,4.3,1,6,45,7.5,0,742,0,0,0
Riley Patterson,FA,K,0,0,0,0.0,0,0,0.0,0,0,0,0.0,0,0,0,0,0
Ricky Pearsall,SF,WR,0,0,0,0.0,8,38,4.8,0,61,811,13.3,5,0,0,0,0
Michael Penix,ATL,QB,3610,23,12,6.9,46,198,4.3,2,0,0,0.0,0,0,0,0,0
Samaje Perine,CIN,RB,0,0,0,0.0,31,128,4.1,1,15,106,7.1,1,0,0,0,0
A.T. Perry,DEN,WR,0,0,0,0.0,0,0,0.0,0,0,0,0.0,0,0,0,0,0
Dante Pettis,NO,WR,0,0,0,0.0,0,0,0.0,0,2,21,10.5,0,0,0,0,0
George Pickens,DAL,WR,0,0,0,0.0,3,16,5.3,0,67,978,14.6,6,0,0,0,0
Kenny Pickett,CLE,QB,394,2,2,6.6,6,30,5.0,0,0,0,0.0,0,0,0,0,0
Dameon Pierce,HOU,RB,0,0,0,0.0,60,258,4.3,2,10,73,7.3,0,346,0,0,0
Alec Pierce,IND,WR,0,0,0,0.0,0,0,0.0,0,37,608,16.4,4,0,0,0,0
Eddy Pineiro,FA,K,0,0,0,0.0,0,0,0.0,0,0,0,0.0,0,0,0,0,0
Michael Pittman,IND,WR,0,0,0,0.0,1,5,5.0,0,66,765,11.6,4,0,0,0,0
Kyle Pitts,ATL,TE,0,0,0,0.0,0,0,0.0,0,46,573,12.5,3,0,0,0,0
Ja'Lynn Polk,NE,WR,0,0,0,0.0,0,0,0.0,0,12,128,10.7,1,0,0,0,0
Tony Pollard,TEN,RB,0,0,0,0.0,215,918,4.3,5,31,225,7.3,1,0,0,0,0
Brandon Powell,FA,WR,0,0,0,0.0,0,0,0.0,0,3,29,9.7,0,25,0,178,0
Matt Prater,FA,K,0,0,0,0.0,0,0,0.0,0,0,0,0.0,0,0,0,0,0
Kaden Prather,BUF,WR,0,0,0,0.0,0,0,0.0,0,0,0,0.0,0,0,0,0,0
Dak Prescott,DAL,QB,4039,28,12,7.1,39,141,3.6,2,0,0,0.0,0,0,0,0,0
James Proche,TEN,WR,0,0,0,0.0,0,0,0.0,0,0,0,0.0,0,131,0,84,0
Brock Purdy,SF,QB,4055,28,12,8.0,60,252,4.2,3,0,0,0.0,0,0,0,0,0
Spencer Rattler,NO,QB,798,4,3,6.5,17,83,4.9,1,0,0,0.0,0,0,0,0,0
Kalif Raymond,DET,WR,0,0,0,0.0,2,12,6.0,0,13,151,11.6,1,221,0,224,1
Jalen Reagor,LAC,WR,0,0,0,0.0,0,0,0.0,0,0,0,0.0,0,110,0,30,0
Jayden Reed,GB,WR,0,0,0,0.0,17,99,5.8,1,58,728,12.6,5,0,0,127,0
Will Reichard,MIN,K,0,0,0,0.0,0,0,0.0,0,0,0,0.0,0,0,0,0,0
Tip Reiman,ARI,TE,0,0,0,0.0,0,0,0.0,0,7,70,10.0,1,0,0,0,0
Nikko Remigio,KC,WR,0,0,0,0.0,0,0,0.0,0,0,0,0.0,0,268,0,78,0
Hunter Renfrow,CAR,WR,0,0,0,0.0,0,0,0.0,0,14,137,9.8,1,0,0,0,0
Xavier Restrepo,TEN,WR,0,0,0,0.0,1,3,3.0,0,12,131,10.9,1,0,0,0,0
Craig Reynolds,DET,RB,0,0,0,0.0,12,52,4.3,0,3,23,7.7,0,0,0,0,0
Josh Reynolds,NYJ,WR,0,0,0,0.0,0,0,0.0,0,23,268,11.7,2,0,0,0,0
Patrick Ricard,BAL,RB,0,0,0,0.0,0,0,0.0,0,3,30,10.0,1,0,0,0,0
Rashee Rice,KC,WR,0,0,0,0.0,1,5,5.0,0,89,991,11.1,6,0,0,0,0
Brenden Rice,LAC,WR,0,0,0,0.0,0,0,0.0,0,0,0,0.0,0,0,0,0,0
Anthony Richardson,IND,QB,2647,15,11,6.9,117,651,5.6,7,0,0,0.0,0,0,0,0,0
Desmond Ridder,FA,QB,194,1,1,6.5,2,8,4.0,0,0,0,0.0,0,0,0,0,0
Calvin Ridley,TEN,WR,0,0,0,0.0,8,46,5.8,0,68,928,13.6,6,0,0,0,0
Ronnie Rivers,LAR,RB,0,0,0,0.0,5,22,4.4,0,1,7,7.0,0,27,0,0,0
Demarcus Robinson,SF,WR,0,0,0,0.0,0,0,0.0,0,25,343,13.7,2,0,0,0,0
Allen Robinson,FA,WR,0,0,0,0.0,0,0,0.0,0,0,0,0.0,0,0,0,0,0
Bijan Robinson,ATL,RB,0,0,0,0.0,285,1339,4.7,11,50,378,7.6,2,0,0,0,0
Brian Robinson,WAS,RB,0,0,0,0.0,174,735,4.2,6,21,149,7.1,1,0,0,0,0
Wan'Dale Robinson,NYG,WR,0,0,0,0.0,4,17,4.3,0,60,538,9.0,3,0,0,0,0
Keilan Robinson,PHI,RB,0,0,0,0.0,8,33,4.1,0,2,14,7.0,0,136,0,0,0
Aaron Rodgers,PIT,QB,3710,24,11,6.9,27,101,3.7,1,0,0,0.0,0,0,0,0,0
Chris Rodriguez,WAS,RB,0,0,0,0.0,60,253,4.2,2,6,43,7.2,0,30,0,0,0
John Parker Romo,NE,K,0,0,0,0.0,0,0,0.0,0,0,0,0.0,0,0,0,0,0
Jalen Royals,KC,WR,0,0,0,0.0,0,0,0.0,0,32,381,11.9,3,0,0,0,0
Jeremy Ruckert,NYJ,TE,0,0,0,0.0,0,0,0.0,0,16,151,9.4,1,0,0,0,0
Mason Rudolph,PIT,QB,611,4,3,6.8,8,25,3.1,0,0,0,0.0,0,0,0,0,0
Cooper Rush,BAL,QB,202,1,1,6.7,2,8,4.0,0,0,0,0.0,0,0,0,0,0
Chad Ryland,ARI,K,0,0,0,0.0,0,0,0.0,0,0,0,0.0,0,0,0,0,0
Drew Sample,CIN,TE,0,0,0,0.0,0,0,0.0,0,11,102,9.3,1,0,0,0,0
Dylan Sampson,CLE,RB,0,0,0,0.0,73,304,4.2,2,17,128,7.5,1,0,0,0,0
Deebo Samuel,WAS,WR,0,0,0,0.0,24,135,5.6,1,59,709,12.0,5,279,0,0,0
Curtis Samuel,BUF,WR,0,0,0,0.0,4,24,6.0,0,30,307,10.2,2,0,0,0,0
Raheim Sanders,LAC,RB,0,0,0,0.0,5,21,4.2,0,1,7,7.0,0,0,0,0,0
Shedeur Sanders,CLE,QB,417,3,2,6.6,7,30,4.3,1,0,0,0.0,0,0,0,0,0
Ja'Tavion Sanders,CAR,TE,0,0,0,0.0,0,0,0.0,0,44,439,10.0,3,0,0,0,0
Jason Sanders,MIA,K,0,0,0,0.0,0,0,0.0,0,0,0,0.0,0,0,0,0,0
Miles Sanders,DAL,RB,0,0,0,0.0,64,270,4.2,2,15,110,7.3,1,0,0,0,0
Cairo Santos,CHI,K,0,0,0,0.0,0,0,0.0,0,0,0,0.0,0,0,0,0,0
Eric Saubert,SEA,TE,0,0,0,0.0,0,0,0.0,0,2,19,9.5,0,0,0,0,0
Luke Schoonmaker,DAL,TE,0,0,0,0.0,0,0,0.0,0,15,150,10.0,1,0,0,0,0
Cody Schrader,LAR,RB,0,0,0,0.0,0,0,0.0,0,0,0,0.0,0,0,0,0,0
Dalton Schultz,HOU,TE,0,0,0,0.0,0,0,0.0,0,50,519,10.4,3,0,0,0,0
Boston Scott,FA,RB,0,0,0,0.0,0,0,0.0,0,0,0,0.0,0,0,0,0,0
Tyler Scott,CHI,WR,0,0,0,0.0,1,5,5.0,0,3,31,10.3,0,131,0,0,0
Austin Seibert,FA,K,0,0,0,0.0,0,0,0.0,0,0,0,0.0,0,0,0,0,0
Trey Sermon,PIT,RB,0,0,0,0.0,33,133,4.0,1,5,35,7.0,0,0,0,0,0
Rashid Shaheed,NO,WR,0,0,0,0.0,7,42,6.0,0,55,802,14.6,5,344,0,239,1
Khalil Shakir,BUF,WR,0,0,0,0.0,2,11,5.5,0,72,775,10.8,4,0,0,0,0
Laviska Shenault,BUF,WR,0,0,0,0.0,0,0,0.0,0,0,0,0.0,0,0,0,0,0
Sterling Shepard,TB,WR,0,0,0,0.0,1,5,5.0,0,10,96,9.6,1,0,0,0,0
Trent Sherfield,DEN,WR,0,0,0,0.0,0,0,0.0,0,5,51,10.2,0,0,0,0,0
Will Shipley,PHI,RB,0,0,0,0.0,64,282,4.4,2,13,95,7.3,1,145,0,0,0
Tyler Shough,NO,QB,2432,13,11,6.6,57,269,4.7,3,0,0,0.0,0,0,0,0,0
Spencer Shrader,IND,K,0,0,0,0.0,0,0,0.0,0,0,0,0.0,0,0,0,0,0
Trevor Siemian,FA,QB,0,0,0,0.0,0,0,0.0,0,0,0,0.0,0,0,0,0,0
Steven Sims,SEA,WR,0,0,0,0.0,0,0,0.0,0,0,0,0.0,0,0,0,0,0
Devin Singletary,NYG,RB,0,0,0,0.0,53,223,4.2,2,10,72,7.2,0,0,0,0,0
Nicholas Singleton,FA,RB,0,0,0,0.0,0,0,0.0,0,0,0,0.0,0,0,0,0,0
Ben Sinnott,WAS,TE,0,0,0,0.0,0,0,0.0,0,23,230,10.0,2,0,0,0,0
Cam Skattebo,NYG,RB,0,0,0,0.0,130,548,4.2,4,30,215,7.2,1,0,0,0,0
Ben Skowronek,PIT,WR,0,0,0,0.0,0,0,0.0,0,0,0,0.0,0,0,0,0,0
Darius Slayton,NYG,WR,0,0,0,0.0,0,0,0.0,0,37,548,14.8,3,0,0,0,0
Joey Slye,TEN,K,0,0,0,0.0,0,0,0.0,0,0,0,0.0,0,0,0,0,0
Stone Smartt,NYJ,TE,0,0,0,0.0,0,0,0.0,0,17,176,10.4,1,0,0,0,0
DeVonta Smith,PHI,WR,0,0,0,0.0,1,5,5.0,0,76,945,12.4,6,0,0,0,0
Brashard Smith,KC,RB,0,0,0,0.0,34,145,4.3,1,11,81,7.4,1,0,0,0,0
Ainias Smith,PHI,WR,0,0,0,0.0,0,0,0.0,0,0,0,0.0,0,52,0,9,0
Xavier Smith,LAR,WR,0,0,0,0.0,3,17,5.7,0,3,35,11.7,0,161,0,181,0
Geno Smith,LV,QB,3674,22,13,7.0,47,198,4.2,2,0,0,0.0,0,0,0,0,0
Jonnu Smith,PIT,TE,0,0,0,0.0,1,3,3.0,0,54,539,10.0,3,0,0,0,0
Arian Smith,NYJ,WR,0,0,0,0.0,3,15,5.0,0,15,180,12.0,1,0,0,0,0
Ihmir Smith-Marsette,NYG,WR,0,0,0,0.0,1,5,5.0,0,0,0,0.0,0,207,0,191,0
Jaxon Smith-Njigba,SEA,WR,0,0,0,0.0,6,28,4.7,0,85,933,11.0,6,0,0,0,0
Juju Smith-Schuster,KC,WR,0,0,0,0.0,0,0,0.0,0,14,144,10.3,1,0,0,0,0
Durham Smythe,CHI,TE,0,0,0,0.0,0,0,0.0,0,5,48,9.6,0,0,0,0,0
Brevyn Spann-Ford,DAL,TE,0,0,0,0.0,0,0,0.0,0,10,101,10.1,1,0,0,0,0
Tyjae Spears,TEN,RB,0,0,0,0.0,108,457,4.2,3,31,226,7.3,1,149,0,0,0
Amon-Ra St. Brown,DET,WR,0,0,0,0.0,2,12,6.0,0,105,1215,11.6,8,0,0,0,0
Equanimeous St. Brown,FA,WR,0,0,0,0.0,0,0,0.0,0,0,0,0.0,0,0,0,0,0
Matthew Stafford,LAR,QB,3880,25,12,7.2,25,37,1.5,0,0,0,0.0,0,0,0,0,0
Carson Steele,KC,RB,0,0,0,0.0,16,66,4.1,1,5,35,7.0,0,56,0,0,0
Drew Stevens,FA,K,0,0,0,0.0,0,0,0.0,0,0,0,0.0,0,0,0,0,0
Rhamondre Stevenson,NE,RB,0,0,0,0.0,142,601,4.2,4,26,183,7.0,1,0,0,0,0
Easton Stick,ATL,QB,0,0,0,0.0,0,0,0.0,0,0,0,0.0,0,0,0,0,0
Jarrett Stidham,DEN,QB,198,1,1,6.6,2,8,4.0,0,0,0,0.0,0,0,0,0,0
Jack Stoll,NO,TE,0,0,0,0.0,0,0,0.0,0,0,0,0.0,0,0,0,0,0
Cade Stover,HOU,TE,0,0,0,0.0,0,0,0.0,0,14,141,10.1,1,0,0,0,0
Eli Stowers,FA,TE,0,0,0,0.0,0,0,0.0,0,11,101,9.2,1,0,0,0,0
Brenton Strange,JAX,TE,0,0,0,0.0,0,0,0.0,0,49,472,9.6,3,0,0,0,0
Pierre Strong,CLE,RB,0,0,0,0.0,9,38,4.2,0,3,22,7.3,0,78,0,0,0
C.J. Stroud,HOU,QB,3929,27,12,7.4,46,196,4.3,2,0,0,0.0,0,0,0,0,0
Courtland Sutton,DEN,WR,0,0,0,0.0,0,0,0.0,0,71,955,13.5,7,0,0,0,0
D'Andre Swift,CHI,RB,0,0,0,0.0,198,827,4.2,5,35,248,7.1,1,0,0,0,0
Tua Tagovailoa,MIA,QB,3832,25,12,7.3,26,71,2.7,1,0,0,0.0,0,0,0,0,0
Ryan Tannehill,FA,QB,0,0,0,0.0,0,0,0.0,0,0,0,0.0,0,0,0,0,0
Jonathan Taylor,IND,RB,0,0,0,0.0,279,1311,4.7,10,27,203,7.5,1,0,0,0,0
Patrick Taylor,SF,RB,0,0,0,0.0,10,42,4.2,0,4,29,7.3,0,102,0,0,0
Tyrod Taylor,NYJ,QB,205,1,1,6.8,3,15,5.0,0,0,0,0.0,0,0,0,0,0
Mason Taylor,NYJ,TE,0,0,0,0.0,0,0,0.0,0,47,476,10.1,3,0,0,0,0
Isaac TeSlaa,DET,WR,0,0,0,0.0,0,0,0.0,0,24,312,13.0,2,0,0,0,0
Adam Thielen,CAR,WR,0,0,0,0.0,1,5,5.0,0,56,619,11.1,4,0,0,0,0
Michael Thomas,FA,WR,0,0,0,0.0,0,0,0.0,0,0,0,0.0,0,0,0,0,0
Ian Thomas,LV,TE,0,0,0,0.0,0,0,0.0,0,3,29,9.7,0,0,0,0,0
Brian Thomas,JAX,WR,0,0,0,0.0,3,19,6.3,0,92,1269,13.8,8,0,0,0,0
Deven Thompkins,FA,WR,0,0,0,0.0,2,11,5.5,0,2,21,10.5,0,214,0,19,0
Skylar Thompson,PIT,QB,0,0,0,0.0,0,0,0.0,0,0,0,0.0,0,0,0,0,0
Dorian Thompson-Robinson,PHI,QB,0,0,0,0.0,0,0,0.0,0,0,0,0.0,0,0,0,0,0
Tyquan Thornton,KC,WR,0,0,0,0.0,0,0,0.0,0,0,0,0.0,0,0,0,0,0
Dont'e Thornton,LV,WR,0,0,0,0.0,2,12,6.0,0,23,307,13.3,2,0,0,0,0
Jamari Thrash,CLE,WR,0,0,0,0.0,0,0,0.0,0,0,0,0.0,0,0,0,0,0
Cedric Tillman,CLE,WR,0,0,0,0.0,1,5,5.0,0,40,527,13.2,3,0,0,0,0
Jalen Tolbert,DAL,WR,0,0,0,0.0,0,0,0.0,0,31,378,12.2,2,0,0,0,0
Kadarius Toney,FA,WR,0,0,0,0.0,0,0,0.0,0,0,0,0.0,0,0,0,0,0
Robert Tonyan,KC,TE,0,0,0,0.0,0,0,0.0,0,0,0,0.0,0,0,0,0,0
Tyrone Tracy,NYG,RB,0,0,0,0.0,170,724,4.3,4,31,221,7.1,1,0,0,0,0
Kyle Trask,TB,QB,203,1,1,6.8,2,8,4.0,0,0,0,0.0,0,0,0,0,0
Adam Trautman,DEN,TE,0,0,0,0.0,0,0,0.0,0,12,115,9.6,1,0,0,0,0
Jordan Travis,NYJ,QB,0,0,0,0.0,0,0,0.0,0,0,0,0.0,0,0,0,0,0
Tommy Tremble,CAR,TE,0,0,0,0.0,0,0,0.0,0,14,140,10.0,1,0,0,0,0
Mitchell Trubisky,BUF,QB,205,1,1,6.8,2,8,4.0,0,0,0,0.0,0,0,0,0,0
Sean Tucker,TB,RB,0,0,0,0.0,51,221,4.3,2,9,65,7.2,0,685,2,0,0
Tre Tucker,LV,WR,0,0,0,0.0,8,36,4.5,0,26,322,12.4,2,75,0,112,0
Justin Tucker,FA,K,0,0,0,0.0,0,0,0.0,0,0,0,0.0,0,0,0,0,0
Clayton Tune,ARI,QB,196,1,1,6.5,2,8,4.0,0,0,0,0.0,0,0,0,0,0
DJ Turner,FA,WR,0,0,0,0.0,3,16,5.3,0,11,121,11.0,1,80,0,48,0
KaVontae Turpin,DAL,WR,0,0,0,0.0,13,77,5.9,1,25,322,12.9,2,671,1,173,0
Bhayshul Tuten,JAX,RB,0,0,0,0.0,105,447,4.3,3,23,170,7.4,1,0,0,0,0
C.J. Uzomah,FA,TE,0,0,0,0.0,0,0,0.0,0,0,0,0.0,0,0,0,0,0
Sione Vaki,DET,RB,0,0,0,0.0,5,22,4.4,0,3,23,7.7,0,0,0,0,0
Marquez Valdes-Scantling,SEA,WR,0,0,0,0.0,0,0,0.0,0,30,461,15.4,3,0,0,0,0
Nick Vannett,FA,TE,0,0,0,0.0,0,0,0.0,0,3,29,9.7,0,0,0,0,0
Deuce Vaughn,DAL,RB,0,0,0,0.0,8,31,3.9,0,2,15,7.5,0,0,0,0,0
Devaughn Vele,DEN,WR,0,0,0,0.0,1,3,3.0,0,31,305,9.8,2,0,0,0,0
Kimani Vidal,LAC,RB,0,0,0,0.0,25,105,4.2,1,5,35,7.0,0,0,0,0,0
Jaylen Waddle,MIA,WR,0,0,0,0.0,4,0,0.0,0,71,933,13.1,6,0,0,0,0
Kenneth Walker,SEA,RB,0,0,0,0.0,204,879,4.3,6,31,233,7.5,1,0,0,0,0
Devontez Walker,BAL,WR,0,0,0,0.0,1,5,5.0,0,8,122,15.3,1,51,0,0,0
Tylan Wallace,BAL,WR,0,0,0,0.0,1,5,5.0,0,6,84,14.0,1,50,0,63,0
Darren Waller,MIA,TE,0,0,0,0.0,0,0,0.0,0,52,568,10.9,4,0,0,0,0
Cam Ward,TEN,QB,3380,20,14,6.7,80,392,4.9,3,0,0,0.0,0,0,0,0,0
Tyler Warren,IND,TE,0,0,0,0.0,2,11,5.5,0,61,624,10.2,4,0,0,0,0
Jaylen Warren,PIT,RB,0,0,0,0.0,171,747,4.4,4,42,311,7.4,1,207,0,0,0
Parker Washington,JAX,WR,0,0,0,0.0,2,8,4.0,0,24,264,11.0,2,128,0,72,0
Darnell Washington,PIT,TE,0,0,0,0.0,0,0,0.0,0,14,142,10.1,1,0,0,0,0
Malik Washington,MIA,WR,0,0,0,0.0,3,17,5.7,0,30,308,10.3,2,252,1,103,0
Jordan Watkins,SF,WR,0,0,0,0.0,0,0,0.0,0,3,36,12.0,0,0,0,0,0
Justin Watson,HOU,WR,0,0,0,0.0,0,0,0.0,0,8,111,13.9,1,0,0,0,0
Deshaun Watson,CLE,QB,395,2,2,6.6,9,47,5.2,1,0,0,0.0,0,0,0,0,0
Christian Watson,GB,WR,0,0,0,0.0,1,5,5.0,0,14,227,16.2,2,0,0,0,0
Antwane Wells,NYG,WR,0,0,0,0.0,0,0,0.0,0,0,0,0.0,0,0,0,0,0
Carson Wentz,FA,QB,201,1,1,6.7,2,7,3.5,0,0,0,0.0,0,0,0,0,0
Nick Westbrook-Ikhine,MIA,WR,0,0,0,0.0,0,0,0.0,0,26,347,13.3,3,0,0,0,0
Mike White,BUF,QB,0,0,0,0.0,0,0,0.0,0,0,0,0.0,0,0,0,0,0
Zamir White,LV,RB,0,0,0,0.0,26,107,4.1,1,3,21,7.0,0,0,0,0,0
Rachaad White,TB,RB,0,0,0,0.0,80,335,4.2,2,33,241,7.3,1,0,0,0,0
Ricky White,SEA,WR,0,0,0,0.0,0,0,0.0,0,0,0,0.0,0,0,0,0,0
Jordan Whittington,LAR,WR,0,0,0,0.0,6,29,4.8,0,42,460,11.0,3,535,0,0,0
Josh Whyle,TEN,TE,0,0,0,0.0,0,0,0.0,0,14,135,9.6,1,0,0,0,0
Dontayvion Wicks,GB,WR,0,0,0,0.0,0,0,0.0,0,37,467,12.6,3,0,0,0,0
Javonte Williams,DAL,RB,0,0,0,0.0,102,423,4.1,3,24,162,6.8,1,0,0,0,0
Avery Williams,PHI,RB,0,0,0,0.0,8,33,4.1,0,3,22,7.3,0,311,0,154,0
Mike Williams,LAC,WR,0,0,0,0.0,0,0,0.0,0,20,259,13.0,2,23,0,209,0
Jamaal Williams,FA,RB,0,0,0,0.0,15,60,4.0,0,3,21,7.0,0,75,0,0,0
Caleb Williams,CHI,QB,3633,23,12,7.0,70,384,5.5,4,0,0,0.0,0,0,0,0,0
Savion Williams,GB,WR,0,0,0,0.0,4,20,5.0,0,20,242,12.1,2,0,0,0,0
Isaiah Williams,CIN,WR,0,0,0,0.0,0,0,0.0,0,0,0,0.0,0,0,0,0,0
Kyren Williams,LAR,RB,0,0,0,0.0,260,1105,4.3,10,30,210,7.0,1,0,0,0,0
Jameson Williams,DET,WR,0,0,0,0.0,13,71,5.5,1,59,943,16.0,6,0,0,0,0
Kyle Williams,NE,WR,0,0,0,0.0,0,0,0.0,0,40,588,14.7,4,0,0,0,0
Malik Willis,GB,QB,191,1,1,6.6,6,39,6.5,1,0,0,0.0,0,0,0,0,0
Garrett Wilson,NYJ,WR,0,0,0,0.0,7,36,5.1,0,84,1003,11.9,6,0,0,0,0
Michael Wilson,ARI,WR,0,0,0,0.0,0,0,0.0,0,41,532,13.0,3,0,0,0,0
Johnny Wilson,PHI,WR,0,0,0,0.0,0,0,0.0,0,8,105,13.1,1,0,0,0,0
Roman Wilson,PIT,WR,0,0,0,0.0,0,0,0.0,0,24,331,13.8,2,0,0,0,0
Emanuel Wilson,GB,RB,0,0,0,0.0,50,215,4.3,2,10,74,7.4,0,0,0,0,0
Russell Wilson,NYG,QB,2349,14,7,7.0,40,165,4.1,2,0,0,0.0,0,0,0,0,0
Jeff Wilson,FA,RB,0,0,0,0.0,0,0,0.0,0,0,0,0.0,0,0,0,0,0
Cedrick Wilson,NO,WR,0,0,0,0.0,0,0,0.0,0,2,21,10.5,0,0,0,0,0
Zach Wilson,MIA,QB,0,0,0,0.0,0,0,0.0,0,0,0,0.0,0,0,0,0,0
Jameis Winston,NYG,QB,420,3,2,7.0,5,15,3.0,0,0,0,0.0,0,0,0,0,0
Charlie Woerner,ATL,TE,0,0,0,0.0,0,0,0.0,0,7,62,8.9,1,0,0,0,0
Robert Woods,PIT,WR,0,0,0,0.0,0,0,0.0,0,24,257,10.7,2,0,0,0,0
Jelani Woods,IND,TE,0,0,0,0.0,0,0,0.0,0,0,0,0.0,0,0,0,0,0
Michael Woods,CLE,WR,0,0,0,0.0,0,0,0.0,0,11,128,11.6,1,0,0,0,0
Xavier Worthy,KC,WR,0,0,0,0.0,16,92,5.8,1,68,840,12.4,7,0,0,0,0
Jaylen Wright,MIA,RB,0,0,0,0.0,92,402,4.4,3,20,147,7.4,1,50,0,0,0
Brock Wright,DET,TE,0,0,0,0.0,0,0,0.0,0,12,122,10.2,1,0,0,0,0
Matthew Wright,CAR,K,0,0,0,0.0,0,0,0.0,0,0,0,0.0,0,0,0,0,0
Marcus Yarns,NO,RB,0,0,0,0.0,5,21,4.2,0,1,7,7.0,0,0,0,0,0
Kenny Yeboah,DET,TE,0,0,0,0.0,0,0,0.0,0,4,40,10.0,0,0,0,0,0
Cade York,CIN,K,0,0,0,0.0,0,0,0.0,0,0,0,0.0,0,0,0,0,0
Bryce Young,CAR,QB,3413,21,12,6.8,57,297,5.2,3,0,0,0.0,0,0,0,0,0
Benjamin Yurosek,MIN,TE,0,0,0,0.0,0,0,0.0,0,11,101,9.2,1,0,0,0,0
Olamide Zaccheaus,CHI,WR,0,0,0,0.0,1,3,3.0,0,23,238,10.3,2,0,0,62,0
Bailey Zappe,KC,QB,0,0,0,0.0,0,0,0.0,0,0,0,0.0,0,0,0,0,0
Greg Zuerlein,FA,K,0,0,0,0.0,0,0,0.0,0,0,0,0.0,0,0,0,0,0
Dominic Zvada,FA,K,0,0,0,0.0,0,0,0.0,0,0,0,0.0,0,0,0,0,0
Shane Zylstra,DET,TE,0,0,0,0.0,0,0,0.0,0,0,0,0.0,0,0,0,0,0